Name,Price,Mileage,Transmission,Number of Owners,Seats,Standard Payload Capacity (lbs),MPGe,Original EPA Range,EPA Time to Charge,Consumer reviews
2020 Kia Niro EV EX Premium,"$26,994","14,874",direct drive,1,5,"1,062",112,239 miles,9.5 hrs,4.7
2022 Ford E-Transit Cargo Van 350 Medium Roof,"$47,999","2,797",direct drive,0,2,"3,628",nan,nan,9.5 hrs,4.0
2020 MINI Hardtop 2 Door Cooper SE Hatchback,"$27,990","6,542",direct drive,1,4,728,108,110 miles,4 hrs,4.5
2022 Polestar 2 Long Range Dual Motor Hatchback,"$38,589","1,484",direct drive,1,5,nan,89,249 miles,8 hrs,3.9
2022 Polestar 2 Long Range Dual Motor Hatchback,"$38,589","1,605",direct drive,1,5,nan,89,249 miles,8 hrs,3.9
2022 Polestar 2 Long Range Dual Motor Hatchback,"$38,589","1,169",direct drive,1,5,nan,89,249 miles,8 hrs,3.9
2019 Hyundai Ioniq Electric Base Hatchback,"$18,596","13,035",direct drive,1,5,"1,025",nan,124 miles,4 hrs,5.0
2023 Ford Mustang Mach-E Premium Hatchback,"$49,499","1,955",direct drive,0,5,nan,103,229-252 miles,8.1 hrs,4.3
2023 Hyundai Kona Electric Limited,"$33,500","1,564",direct drive,1,5,926,120,258 miles,9.5 hrs,3.6
2023 Mercedes-Benz EQS SUV EQS 450+,"$85,063","6,733",direct drive,1,5,nan,85,305 miles,12.8 hrs,5.0
2015 BMW i3 Base Hatchback,"$12,990","53,651",direct drive,2,4,715,124,69-75 miles,nan,4.1
2021 Tesla Model S Long Range,"$61,990","12,331",direct drive,1,5,nan,120,384-385 miles,15 hrs,3.1
2019 Audi e-tron Prestige quattro,"$40,590","18,488",direct drive,1,5,nan,nan,202-213 miles,nan,4.0
2023 Mercedes-Benz EQS EQS 450+,"$88,448","1,796",direct drive,1,5,"1,075",97,350 miles,12.5 hrs,3.8
2020 Nissan LEAF SV Hatchback,"$20,085","9,740",direct drive,1,5,"1,182",111,145-155 miles,7.5 hrs,4.3
2019 Audi e-tron Premium Plus quattro,"$41,953","16,331",direct drive,1,5,nan,nan,212-223 miles,nan,4.0
2019 Tesla Model X Standard Range,"$54,999","29,981",direct drive,1,5,nan,nan,247 miles,nan,4.0
2023 Audi e-tron Premium,"$61,888","6,744",direct drive,1,5,nan,78,212-222 miles,10 hrs,3.3
2022 Kia EV6 Wind,"$40,000","7,351",direct drive,1,5,895,105,274 miles,8.4 hrs,4.3
2021 Tesla Model 3 Performance,"$41,778","30,355",direct drive,1,5,nan,113,287-288 miles,10 hrs,4.3
2021 Volkswagen ID.4 AWD Pro S (Statement),"$37,999","7,307",direct drive,1,5,nan,93,240 miles,7.5 hrs,4.2
2018 Tesla Model X 100D,"$50,990","59,091",direct drive,2,5,nan,87,263 miles,12 hrs,4.1
2023 Volvo XC40 Recharge Ultimate,"$49,990","6,182",direct drive,1,5,nan,85,223 miles,8 hrs,3.0
2022 Polestar 2 Long Range Dual Motor Hatchback,"$42,995","4,756",direct drive,1,5,nan,89,249 miles,8 hrs,3.9
2021 Tesla Model 3 Standard Range Plus,"$35,688","15,676",direct drive,1,5,nan,nan,242-243 miles,7.8 hrs,4.3
2019 Volkswagen e-Golf SEL Premium Hatchback,"$23,650","16,142",direct drive,1,5,827,119,125 miles,5.3 hrs,4.1
2018 Nissan LEAF SV Hatchback,"$16,497","41,196",direct drive,2,5,985,112,136-146 miles,nan,4.4
2022 Tesla Model 3 Performance,"$45,401","19,461",direct drive,1,5,nan,113,296-297 miles,10 hrs,4.1
2022 Kia EV6 Wind,"$37,999","13,480",direct drive,1,5,937,117,310 miles,8.7 hrs,4.3
2021 Ford Mustang Mach-E Premium Hatchback,"$46,589","12,552",direct drive,1,5,nan,93,211 miles,8.5 hrs,4.2
2019 Volkswagen e-Golf SE Hatchback,"$18,000","31,675",direct drive,1,5,827,119,125 miles,5.3 hrs,4.1
2022 Hyundai IONIQ 5 Limited,"$46,898","13,114",direct drive,1,5,938,98,256 miles,8.5 hrs,4.5
2022 Ford Mustang Mach-E GT Hatchback,"$57,991","4,915",direct drive,1,5,nan,84,260-279 miles,10.1 hrs,4.3
2023 BMW iX xDrive50,"$71,363","10,347",direct drive,1,5,"1,067",86,324 miles,12 hrs,4.9
2017 Volkswagen e-Golf SEL Premium Hatchback,"$18,999","29,575",direct drive,1,5,919,119,125 miles,5.3 hrs,3.8
2022 Mercedes-Benz EQS EQS 450+,"$71,991","4,503",direct drive,1,5,"1,075",97,350 miles,12.5 hrs,3.8
2021 MINI Hardtop 2 Door Cooper SE Hatchback,"$25,590","19,240",direct drive,1,4,728,108,110 miles,4 hrs,4.4
2022 Chevrolet Bolt EUV Premier Hatchback,"$36,990","8,518",direct drive,1,5,nan,115,227-255 miles,7.5 hrs,4.2
2022 Tesla Model X Base,"$89,590","2,032",direct drive,1,5,nan,102,335 miles,14 hrs,3.2
2019 Tesla Model S Performance,"$57,990","19,778",direct drive,1,5,nan,104,323 miles,12 hrs,4.1
2018 Tesla Model X 100D,"$57,990","10,270",direct drive,1,5,nan,87,276 miles,12 hrs,4.1
2022 Ford Mustang Mach-E GT Hatchback,"$49,590","3,357",direct drive,1,5,nan,84,243-260 miles,10.3 hrs,4.3
2022 BMW iX xDrive50,"$81,000","2,911",direct drive,1,5,"1,054",86,324 miles,12 hrs,4.9
2022 Chevrolet Bolt EUV Premier Hatchback,"$37,999","4,224",direct drive,1,5,nan,115,230-257 miles,7.5 hrs,4.2
2016 Tesla Model X 75D,"$43,589","46,246",direct drive,2,5,nan,nan,215-216 miles,nan,3.7
2023 Audi e-tron Sportback Premium S line,"$69,985","1,723",direct drive,1,5,"1,058",78,211-220 miles,10 hrs,3.7
2021 Tesla Model 3 Performance,"$49,590","4,799",direct drive,1,5,nan,113,293-295 miles,10 hrs,4.3
2022 Polestar 2 Long Range Dual Motor Hatchback,"$42,999","3,667",direct drive,1,5,nan,89,249 miles,8 hrs,3.9
2022 Chevrolet Bolt EUV Premier Hatchback,"$35,590","14,024",direct drive,1,5,nan,115,247 miles,7.5 hrs,4.2
2021 Volkswagen ID.4 Pro S (Statement),"$35,410","13,203",direct drive,1,5,nan,97,250 miles,7.5 hrs,4.2
2022 Tesla Model 3 Performance,"$49,999","2,859",direct drive,1,5,nan,113,300-301 miles,10 hrs,4.1
2014 BMW i3 Base Hatchback,"$14,990","32,510",direct drive,5,4,937,124,67-75 miles,nan,3.6
2021 Tesla Model S Long Range,"$63,990","6,436",direct drive,1,5,nan,120,380 miles,15 hrs,3.1
2018 Tesla Model 3 Performance,"$40,990","26,431",direct drive,1,5,nan,116,310 miles,10 hrs,4.8
2021 Audi e-tron Premium,"$40,204","41,797",direct drive,1,5,nan,78,213-228 miles,10 hrs,3.2
2016 Kia Soul EV +,"$14,590","29,656",direct drive,2,5,"1,032",105,nan,10 hrs,4.3
2015 Tesla Model S P85D,"$40,879","48,391",direct drive,2,5,nan,93,237 miles,nan,4.7
2021 Tesla Model 3 Performance,"$47,999","2,734",direct drive,1,5,nan,113,296-297 miles,10 hrs,4.3
2018 Tesla Model 3 Long Range,"$38,990","4,226",direct drive,1,5,nan,116,294 miles,10 hrs,4.8
2019 Nissan LEAF SV Hatchback,"$19,988","17,905",direct drive,2,5,985,112,143-151 miles,8 hrs,4.6
2016 smart fortwo electric drive coupe Hatchback,"$12,590","22,839",direct drive,3,2,419,107,nan,8 hrs,4.1
2022 Chevrolet Bolt EUV LT Hatchback,"$28,988","13,930",direct drive,1,5,nan,115,247 miles,7.5 hrs,4.2
2022 Nissan LEAF SV Hatchback,"$22,990","11,838",direct drive,2,5,936,111,149 miles,8 hrs,4.1
2022 MINI Hardtop 2 Door Cooper SE Hatchback,"$28,990","4,692",direct drive,1,4,743,110,114 miles,4 hrs,4.4
2022 Audi e-tron Sportback Premium Plus S line,"$58,500","3,599",direct drive,1,5,"1,058",77,203-215 miles,10 hrs,3.7
2018 Tesla Model S 100D,"$46,851","20,200",direct drive,1,5,nan,102,304 miles,12 hrs,4.3
2021 Tesla Model 3 Performance,"$46,999","8,847",direct drive,1,5,nan,113,293-294 miles,10 hrs,4.3
2020 Nissan LEAF SV Hatchback,"$21,221","10,108",direct drive,1,5,"1,182",111,148-156 miles,7.5 hrs,4.3
2021 Audi e-tron Sportback Premium Plus,"$52,194","15,430",direct drive,1,5,nan,77,210-225 miles,10 hrs,5.0
2022 MINI Hardtop 2 Door Cooper SE Hatchback,"$27,990","7,871",direct drive,1,4,743,110,114 miles,4 hrs,4.4
2015 smart fortwo electric drive coupe Hatchback,"$11,590","19,637",direct drive,2,2,419,107,nan,4 hrs,4.0
2019 Audi e-tron Premium Plus quattro,"$40,456","13,733",direct drive,1,5,nan,nan,201-212 miles,nan,4.0
2022 MINI Hardtop 2 Door Cooper SE Hatchback,"$26,990","9,712",direct drive,1,4,743,110,114 miles,4 hrs,4.4
2021 Volkswagen ID.4 1st Edition,"$34,999","3,405",direct drive,1,5,nan,97,250 miles,7.5 hrs,4.2
2023 Tesla Model 3 Base,"$42,990","4,332",direct drive,2,5,nan,nan,268 miles,10.4 hrs,3.9
2022 Ford E-Transit Cargo Van 350 Medium Roof,"$50,990","5,796",direct drive,1,2,"3,750",nan,nan,10.4 hrs,4.0
2017 Tesla Model S 75D,"$41,999","27,320",direct drive,1,5,nan,103,240 miles,nan,4.5
2022 Ford F-150 Lightning Lariat SuperCrew,"$78,995","4,583",direct drive,1,5,"2,000",68,230 miles,11.9 hrs,4.9
2021 Volvo XC40 Recharge Pure Electric P8,"$40,527","26,297",direct drive,1,5,nan,79,208 miles,8 hrs,3.0
2018 Tesla Model 3 Long Range,"$33,990","34,328",direct drive,1,5,nan,nan,310 miles,10 hrs,4.8
2018 Tesla Model 3 Mid Range,"$32,990","43,994",direct drive,2,5,nan,123,260 miles,10 hrs,4.8
2022 MINI Hardtop 2 Door Cooper SE Hatchback,"$29,590","3,970",direct drive,1,4,743,110,114 miles,4 hrs,4.4
2020 Chevrolet Bolt EV LT Hatchback,"$22,665","26,318",direct drive,2,5,nan,118,231-257 miles,10 hrs,4.1
2022 Kia EV6 Wind,"$41,243","6,687",direct drive,1,5,895,105,274 miles,8.4 hrs,4.3
2020 Kia Niro EV EX Premium,"$26,994","14,874",direct drive,1,5,"1,062",112,239 miles,9.5 hrs,4.7
2022 Ford E-Transit Cargo Van 350 Medium Roof,"$47,999","2,797",direct drive,0,2,"3,628",nan,nan,9.5 hrs,4.0
2020 MINI Hardtop 2 Door Cooper SE Hatchback,"$27,990","6,542",direct drive,1,4,728,108,110 miles,4 hrs,4.5
2022 Polestar 2 Long Range Dual Motor Hatchback,"$38,589","1,484",direct drive,1,5,nan,89,249 miles,8 hrs,3.9
2022 Polestar 2 Long Range Dual Motor Hatchback,"$38,589","1,605",direct drive,1,5,nan,89,249 miles,8 hrs,3.9
2022 Polestar 2 Long Range Dual Motor Hatchback,"$38,589","1,169",direct drive,1,5,nan,89,249 miles,8 hrs,3.9
2019 Hyundai Ioniq Electric Base Hatchback,"$18,596","13,035",direct drive,1,5,"1,025",nan,124 miles,4 hrs,5.0
2023 Ford Mustang Mach-E Premium Hatchback,"$49,499","1,955",direct drive,0,5,nan,103,229-252 miles,8.1 hrs,4.3
2023 Hyundai Kona Electric Limited,"$33,500","1,564",direct drive,1,5,926,120,258 miles,9.5 hrs,3.6
2023 Mercedes-Benz EQS SUV EQS 450+,"$85,063","6,733",direct drive,1,5,nan,85,305 miles,12.8 hrs,5.0
2015 BMW i3 Base Hatchback,"$12,990","53,651",direct drive,2,4,715,124,69-75 miles,nan,4.1
2021 Tesla Model S Long Range,"$61,990","12,331",direct drive,1,5,nan,120,384-385 miles,15 hrs,3.1
2019 Audi e-tron Prestige quattro,"$40,590","18,488",direct drive,1,5,nan,nan,202-213 miles,nan,4.0
2023 Mercedes-Benz EQS EQS 450+,"$88,448","1,796",direct drive,1,5,"1,075",97,350 miles,12.5 hrs,3.8
2020 Nissan LEAF SV Hatchback,"$20,085","9,740",direct drive,1,5,"1,182",111,145-155 miles,7.5 hrs,4.3
2019 Audi e-tron Premium Plus quattro,"$41,953","16,331",direct drive,1,5,nan,nan,212-223 miles,nan,4.0
2019 Tesla Model X Standard Range,"$54,999","29,981",direct drive,1,5,nan,nan,247 miles,nan,4.0
2023 Audi e-tron Premium,"$61,888","6,744",direct drive,1,5,nan,78,212-222 miles,10 hrs,3.3
2022 Kia EV6 Wind,"$40,000","7,351",direct drive,1,5,895,105,274 miles,8.4 hrs,4.3
2021 Tesla Model 3 Performance,"$41,778","30,355",direct drive,1,5,nan,113,287-288 miles,10 hrs,4.3
2021 Volkswagen ID.4 AWD Pro S (Statement),"$37,999","7,307",direct drive,1,5,nan,93,240 miles,7.5 hrs,4.2
2018 Tesla Model X 100D,"$50,990","59,091",direct drive,2,5,nan,87,263 miles,12 hrs,4.1
2023 Volvo XC40 Recharge Ultimate,"$49,990","6,182",direct drive,1,5,nan,85,223 miles,8 hrs,3.0
2022 Polestar 2 Long Range Dual Motor Hatchback,"$42,995","4,756",direct drive,1,5,nan,89,249 miles,8 hrs,3.9
2021 Tesla Model 3 Standard Range Plus,"$35,688","15,676",direct drive,1,5,nan,nan,242-243 miles,7.8 hrs,4.3
2019 Volkswagen e-Golf SEL Premium Hatchback,"$23,650","16,142",direct drive,1,5,827,119,125 miles,5.3 hrs,4.1
2018 Nissan LEAF SV Hatchback,"$16,497","41,196",direct drive,2,5,985,112,136-146 miles,nan,4.4
2022 Tesla Model 3 Performance,"$45,401","19,461",direct drive,1,5,nan,113,296-297 miles,10 hrs,4.1
2022 Kia EV6 Wind,"$37,999","13,480",direct drive,1,5,937,117,310 miles,8.7 hrs,4.3
2021 Ford Mustang Mach-E Premium Hatchback,"$46,589","12,552",direct drive,1,5,nan,93,211 miles,8.5 hrs,4.2
2019 Volkswagen e-Golf SE Hatchback,"$18,000","31,675",direct drive,1,5,827,119,125 miles,5.3 hrs,4.1
2022 Hyundai IONIQ 5 Limited,"$46,898","13,114",direct drive,1,5,938,98,256 miles,8.5 hrs,4.5
2022 Ford Mustang Mach-E GT Hatchback,"$57,991","4,915",direct drive,1,5,nan,84,260-279 miles,10.1 hrs,4.3
2023 BMW iX xDrive50,"$71,363","10,347",direct drive,1,5,"1,067",86,324 miles,12 hrs,4.9
2017 Volkswagen e-Golf SEL Premium Hatchback,"$18,999","29,575",direct drive,1,5,919,119,125 miles,5.3 hrs,3.8
2022 Mercedes-Benz EQS EQS 450+,"$71,991","4,503",direct drive,1,5,"1,075",97,350 miles,12.5 hrs,3.8
2021 MINI Hardtop 2 Door Cooper SE Hatchback,"$25,590","19,240",direct drive,1,4,728,108,110 miles,4 hrs,4.4
2022 Chevrolet Bolt EUV Premier Hatchback,"$36,990","8,518",direct drive,1,5,nan,115,227-255 miles,7.5 hrs,4.2
2022 Tesla Model X Base,"$89,590","2,032",direct drive,1,5,nan,102,335 miles,14 hrs,3.2
2019 Tesla Model S Performance,"$57,990","19,778",direct drive,1,5,nan,104,323 miles,12 hrs,4.1
2018 Tesla Model X 100D,"$57,990","10,270",direct drive,1,5,nan,87,276 miles,12 hrs,4.1
2022 Ford Mustang Mach-E GT Hatchback,"$49,590","3,357",direct drive,1,5,nan,84,243-260 miles,10.3 hrs,4.3
2022 BMW iX xDrive50,"$81,000","2,911",direct drive,1,5,"1,054",86,324 miles,12 hrs,4.9
2022 Chevrolet Bolt EUV Premier Hatchback,"$37,999","4,224",direct drive,1,5,nan,115,230-257 miles,7.5 hrs,4.2
2016 Tesla Model X 75D,"$43,589","46,246",direct drive,2,5,nan,nan,215-216 miles,nan,3.7
2023 Audi e-tron Sportback Premium S line,"$69,985","1,723",direct drive,1,5,"1,058",78,211-220 miles,10 hrs,3.7
2021 Tesla Model 3 Performance,"$49,590","4,799",direct drive,1,5,nan,113,293-295 miles,10 hrs,4.3
2022 Polestar 2 Long Range Dual Motor Hatchback,"$42,999","3,667",direct drive,1,5,nan,89,249 miles,8 hrs,3.9
2022 Chevrolet Bolt EUV Premier Hatchback,"$35,590","14,024",direct drive,1,5,nan,115,247 miles,7.5 hrs,4.2
2021 Volkswagen ID.4 Pro S (Statement),"$35,410","13,203",direct drive,1,5,nan,97,250 miles,7.5 hrs,4.2
2022 Tesla Model 3 Performance,"$49,999","2,859",direct drive,1,5,nan,113,300-301 miles,10 hrs,4.1
2014 BMW i3 Base Hatchback,"$14,990","32,510",direct drive,5,4,937,124,67-75 miles,nan,3.6
2021 Tesla Model S Long Range,"$63,990","6,436",direct drive,1,5,nan,120,380 miles,15 hrs,3.1
2018 Tesla Model 3 Performance,"$40,990","26,431",direct drive,1,5,nan,116,310 miles,10 hrs,4.8
2021 Audi e-tron Premium,"$40,204","41,797",direct drive,1,5,nan,78,213-228 miles,10 hrs,3.2
2016 Kia Soul EV +,"$14,590","29,656",direct drive,2,5,"1,032",105,nan,10 hrs,4.3
2015 Tesla Model S P85D,"$40,879","48,391",direct drive,2,5,nan,93,237 miles,nan,4.7
2021 Tesla Model 3 Performance,"$47,999","2,734",direct drive,1,5,nan,113,296-297 miles,10 hrs,4.3
2018 Tesla Model 3 Long Range,"$38,990","4,226",direct drive,1,5,nan,116,294 miles,10 hrs,4.8
2019 Nissan LEAF SV Hatchback,"$19,988","17,905",direct drive,2,5,985,112,143-151 miles,8 hrs,4.6
2016 smart fortwo electric drive coupe Hatchback,"$12,590","22,839",direct drive,3,2,419,107,nan,8 hrs,4.1
2022 Chevrolet Bolt EUV LT Hatchback,"$28,988","13,930",direct drive,1,5,nan,115,247 miles,7.5 hrs,4.2
2022 Nissan LEAF SV Hatchback,"$22,990","11,838",direct drive,2,5,936,111,149 miles,8 hrs,4.1
2022 MINI Hardtop 2 Door Cooper SE Hatchback,"$28,990","4,692",direct drive,1,4,743,110,114 miles,4 hrs,4.4
2022 Audi e-tron Sportback Premium Plus S line,"$58,500","3,599",direct drive,1,5,"1,058",77,203-215 miles,10 hrs,3.7
2018 Tesla Model S 100D,"$46,851","20,200",direct drive,1,5,nan,102,304 miles,12 hrs,4.3
2021 Tesla Model 3 Performance,"$46,999","8,847",direct drive,1,5,nan,113,293-294 miles,10 hrs,4.3
2020 Nissan LEAF SV Hatchback,"$21,221","10,108",direct drive,1,5,"1,182",111,148-156 miles,7.5 hrs,4.3
2021 Audi e-tron Sportback Premium Plus,"$52,194","15,430",direct drive,1,5,nan,77,210-225 miles,10 hrs,5.0
2022 MINI Hardtop 2 Door Cooper SE Hatchback,"$27,990","7,871",direct drive,1,4,743,110,114 miles,4 hrs,4.4
2015 smart fortwo electric drive coupe Hatchback,"$11,590","19,637",direct drive,2,2,419,107,nan,4 hrs,4.0
2019 Audi e-tron Premium Plus quattro,"$40,456","13,733",direct drive,1,5,nan,nan,201-212 miles,nan,4.0
2022 MINI Hardtop 2 Door Cooper SE Hatchback,"$26,990","9,712",direct drive,1,4,743,110,114 miles,4 hrs,4.4
2021 Volkswagen ID.4 1st Edition,"$34,999","3,405",direct drive,1,5,nan,97,250 miles,7.5 hrs,4.2
2023 Tesla Model 3 Base,"$42,990","4,332",direct drive,2,5,nan,nan,268 miles,10.4 hrs,3.9
2022 Ford E-Transit Cargo Van 350 Medium Roof,"$50,990","5,796",direct drive,1,2,"3,750",nan,nan,10.4 hrs,4.0
2017 Tesla Model S 75D,"$41,999","27,320",direct drive,1,5,nan,103,240 miles,nan,4.5
2022 Ford F-150 Lightning Lariat SuperCrew,"$78,995","4,583",direct drive,1,5,"2,000",68,230 miles,11.9 hrs,4.9
2021 Volvo XC40 Recharge Pure Electric P8,"$40,527","26,297",direct drive,1,5,nan,79,208 miles,8 hrs,3.0
2018 Tesla Model 3 Long Range,"$33,990","34,328",direct drive,1,5,nan,nan,310 miles,10 hrs,4.8
2018 Tesla Model 3 Mid Range,"$32,990","43,994",direct drive,2,5,nan,123,260 miles,10 hrs,4.8
2022 MINI Hardtop 2 Door Cooper SE Hatchback,"$29,590","3,970",direct drive,1,4,743,110,114 miles,4 hrs,4.4
2020 Chevrolet Bolt EV LT Hatchback,"$22,665","26,318",direct drive,2,5,nan,118,231-257 miles,10 hrs,4.1
2022 Kia EV6 Wind,"$41,243","6,687",direct drive,1,5,895,105,274 miles,8.4 hrs,4.3
2017 Chevrolet Bolt EV Premier Hatchback,"$21,990","15,971",direct drive,1,5,nan,119,Edmunds considers this used vehicle a Fair Price because the price is within the market average for similar vehicles in your region.,9.3 hrs,4.4
2022 Hyundai IONIQ 5 SE,"$36,999","8,247",direct drive,1,5,943,114,303 miles,8.5 hrs,4.5
2020 Nissan LEAF SV Hatchback,"$22,890","18,955",direct drive,1,5,"1,182",111,144-154 miles,7.5 hrs,4.3
2020 Nissan LEAF S Hatchback,"$19,990","18,491",direct drive,1,5,"1,213",111,144-154 miles,7.5 hrs,4.3
2023 MINI Hardtop 2 Door Cooper SE Hatchback,"$30,590","11,098",direct drive,1,4,nan,nan,nan,7.5 hrs,4.4
2018 smart fortwo electric drive prime Hatchback,"$14,990","29,041",direct drive,1,2,nan,108,58 miles,3 hrs,4.1
2015 BMW i3 Base Hatchback,"$14,490","46,935",direct drive,4,4,715,124,68-75 miles,nan,4.1
2016 Volkswagen e-Golf SE Hatchback,"$13,990","55,318",direct drive,4,5,939,116,nan,nan,3.8
2020 Tesla Model 3 Long Range,"$36,599","43,726",direct drive,1,5,nan,121,284-285 miles,10 hrs,4.1
2020 Tesla Model Y Performance,"$47,995","17,416",direct drive,1,5,nan,121,275 miles,10 hrs,3.5
2015 Tesla Model S P85D,"$35,590","62,000",direct drive,2,5,nan,93,234 miles,nan,4.7
2022 MINI Hardtop 2 Door Cooper SE Hatchback,"$26,990","2,592",direct drive,1,4,743,110,114 miles,4 hrs,4.4
2022 Polestar 2 Long Range Dual Motor Hatchback,"$41,990","9,230",direct drive,1,5,nan,89,249 miles,8 hrs,3.9
2019 Chevrolet Bolt EV LT Hatchback,"$20,928","35,949",direct drive,1,5,nan,119,246-273 miles,9.3 hrs,4.2
2023 Audi e-tron Sportback Premium S line,"$67,993","4,076",direct drive,1,5,"1,058",78,218 miles,10 hrs,3.7
2019 Tesla Model S Performance,"$58,590","26,337",direct drive,1,5,nan,104,325 miles,12 hrs,4.1
2020 Chevrolet Bolt EV Premier Hatchback,"$25,300","21,908",direct drive,1,5,nan,118,228-253 miles,10 hrs,4.1
2022 Mercedes-Benz EQS EQS 450+,"$72,888","7,701",direct drive,2,5,"1,075",97,350 miles,12.5 hrs,3.8
2022 MINI Hardtop 2 Door Cooper SE Hatchback,"$26,990","9,662",direct drive,1,4,743,110,114 miles,4 hrs,4.4
2013 Nissan LEAF SL Hatchback,"$7,999","55,264",direct drive,4,5,853,115,67-69 miles,nan,4.1
2022 Mercedes-Benz EQB EQB 350,"$47,488","3,252",direct drive,1,5,nan,96,227 miles,8.25 hrs,nan
2016 FIAT 500e Battery Electric Hatchback,"$9,995","36,852",direct drive,3,4,nan,112,nan,8.25 hrs,4.2
2022 Hyundai IONIQ 5 SE,"$38,999","3,572",direct drive,1,5,938,98,256 miles,8.5 hrs,4.5
2022 Kia EV6 Wind,"$42,990","4,724",direct drive,1,5,895,105,274 miles,8.4 hrs,4.3
2021 Tesla Model Y Long Range,"$46,496","18,847",direct drive,1,5,nan,125,305-306 miles,10 hrs,3.8
2023 Tesla Model 3 Base,"$42,590","1,412",direct drive,1,5,nan,nan,270 miles,10.4 hrs,3.9
2019 Volkswagen e-Golf SE Hatchback,"$21,589","20,691",direct drive,1,5,827,119,125 miles,5.3 hrs,4.1
2018 Tesla Model 3 Performance,"$38,990","32,611",direct drive,1,5,nan,116,287-288 miles,10 hrs,4.8
2020 Tesla Model 3 Standard Range Plus,"$35,990","9,601",direct drive,1,5,nan,nan,227-228 miles,8.5 hrs,4.1
2021 Nissan LEAF SV Hatchback,"$20,900","20,032",direct drive,1,5,940,111,144-155 miles,8 hrs,4.3
2022 MINI Hardtop 2 Door Cooper SE Hatchback,"$27,990","7,109",direct drive,1,4,743,110,114 miles,4 hrs,4.4
2019 Audi e-tron Premium Plus quattro,"$42,590","16,769",direct drive,1,5,nan,nan,202-213 miles,nan,4.0
2019 Hyundai Kona Electric Ultimate,"$29,590","9,928",direct drive,1,5,nan,120,258 miles,9 hrs,4.7
2022 Tesla Model 3 Long Range,"$42,999","2,961",direct drive,1,5,nan,nan,346 miles,11.5 hrs,4.1
2019 Audi e-tron Premium Plus quattro,"$39,995","17,001",direct drive,1,5,nan,nan,202-213 miles,nan,4.0
2021 Nissan LEAF SL PLUS Hatchback,"$27,990","15,427",direct drive,1,5,942,104,217-227 miles,11 hrs,4.3
2021 MINI Hardtop 2 Door Cooper SE Hatchback,"$25,990","11,992",direct drive,1,4,728,108,110 miles,4 hrs,4.4
2023 Volkswagen ID.4 AWD Pro S,"$45,339","3,834",direct drive,1,5,959,99,255 miles,7.5 hrs,4.1
2022 Tesla Model 3 Performance,"$49,999","5,479",direct drive,1,5,nan,113,298-299 miles,10 hrs,4.1
2021 Ford Mustang Mach-E California Route 1 Hatchback,"$44,589","9,915",direct drive,1,5,nan,101,286-304 miles,11.4 hrs,4.2
2022 MINI Hardtop 2 Door Cooper SE Hatchback,"$27,590","9,707",direct drive,1,4,743,110,114 miles,4 hrs,4.4
2022 Hyundai IONIQ 5 SEL,"$40,488","22,966",direct drive,1,5,943,114,303 miles,8.5 hrs,4.5
2022 Tesla Model 3 Performance,"$48,999","9,556",direct drive,1,5,nan,113,297-298 miles,10 hrs,4.1
2022 Tesla Model Y Long Range,"$49,895","11,079",direct drive,1,5,nan,122,330 miles,11.5 hrs,3.7
2022 Tesla Model Y Long Range,"$48,800","18,549",direct drive,1,5,nan,122,308-309 miles,11.5 hrs,3.7
2021 Chevrolet Bolt EV LT Hatchback,"$26,589","13,685",direct drive,1,5,nan,118,230-256 miles,10 hrs,4.2
2022 Nissan LEAF SL PLUS Hatchback,"$25,525","27,039",direct drive,1,5,938,104,221-231 miles,11 hrs,4.1
2021 Ford Mustang Mach-E GT Hatchback,"$53,999","7,383",direct drive,1,5,nan,84,269-286 miles,10.3 hrs,4.2
2022 Kia Niro EV EX,"$25,969","31,897",direct drive,1,5,"1,062",112,239 miles,9.5 hrs,4.2
2022 Hyundai Kona Electric SEL,"$27,399","18,075",direct drive,1,5,"1,047",120,258 miles,9.5 hrs,3.5
2022 MINI Hardtop 2 Door Cooper SE Hatchback,"$30,990","5,282",direct drive,1,4,743,110,114 miles,4 hrs,4.4
2023 Ford Mustang Mach-E GT Hatchback,"$64,700","3,756",direct drive,1,5,nan,84,252-275 miles,10.3 hrs,4.3
2022 Ford E-Transit Cargo Van 350 Medium Roof,"$50,990","6,715",direct drive,1,2,"3,628",nan,nan,10.3 hrs,4.0
2020 Kia Niro EV EX Premium,"$26,994","14,874",direct drive,1,5,"1,062",112,239 miles,9.5 hrs,4.7
2022 Ford E-Transit Cargo Van 350 Medium Roof,"$47,999","2,797",direct drive,0,2,"3,628",nan,nan,9.5 hrs,4.0
2020 MINI Hardtop 2 Door Cooper SE Hatchback,"$27,990","6,542",direct drive,1,4,728,108,110 miles,4 hrs,4.5
2022 Polestar 2 Long Range Dual Motor Hatchback,"$38,589","1,484",direct drive,1,5,nan,89,249 miles,8 hrs,3.9
2022 Polestar 2 Long Range Dual Motor Hatchback,"$38,589","1,605",direct drive,1,5,nan,89,249 miles,8 hrs,3.9
2022 Polestar 2 Long Range Dual Motor Hatchback,"$38,589","1,169",direct drive,1,5,nan,89,249 miles,8 hrs,3.9
2019 Hyundai Ioniq Electric Base Hatchback,"$18,596","13,035",direct drive,1,5,"1,025",nan,124 miles,4 hrs,5.0
2023 Ford Mustang Mach-E Premium Hatchback,"$49,499","1,955",direct drive,0,5,nan,103,229-252 miles,8.1 hrs,4.3
2023 Hyundai Kona Electric Limited,"$33,500","1,564",direct drive,1,5,926,120,258 miles,9.5 hrs,3.6
2023 Mercedes-Benz EQS SUV EQS 450+,"$85,063","6,733",direct drive,1,5,nan,85,305 miles,12.8 hrs,5.0
2015 BMW i3 Base Hatchback,"$12,990","53,651",direct drive,2,4,715,124,69-75 miles,nan,4.1
2021 Tesla Model S Long Range,"$61,990","12,331",direct drive,1,5,nan,120,384-385 miles,15 hrs,3.1
2019 Audi e-tron Prestige quattro,"$40,590","18,488",direct drive,1,5,nan,nan,202-213 miles,nan,4.0
2023 Mercedes-Benz EQS EQS 450+,"$88,448","1,796",direct drive,1,5,"1,075",97,350 miles,12.5 hrs,3.8
2020 Nissan LEAF SV Hatchback,"$20,085","9,740",direct drive,1,5,"1,182",111,145-155 miles,7.5 hrs,4.3
2019 Audi e-tron Premium Plus quattro,"$41,953","16,331",direct drive,1,5,nan,nan,212-223 miles,nan,4.0
2019 Tesla Model X Standard Range,"$54,999","29,981",direct drive,1,5,nan,nan,247 miles,nan,4.0
2023 Audi e-tron Premium,"$61,888","6,744",direct drive,1,5,nan,78,212-222 miles,10 hrs,3.3
2022 Kia EV6 Wind,"$40,000","7,351",direct drive,1,5,895,105,274 miles,8.4 hrs,4.3
2021 Tesla Model 3 Performance,"$41,778","30,355",direct drive,1,5,nan,113,287-288 miles,10 hrs,4.3
2021 Volkswagen ID.4 AWD Pro S (Statement),"$37,999","7,307",direct drive,1,5,nan,93,240 miles,7.5 hrs,4.2
2018 Tesla Model X 100D,"$50,990","59,091",direct drive,2,5,nan,87,263 miles,12 hrs,4.1
2023 Volvo XC40 Recharge Ultimate,"$49,990","6,182",direct drive,1,5,nan,85,223 miles,8 hrs,3.0
2022 Polestar 2 Long Range Dual Motor Hatchback,"$42,995","4,756",direct drive,1,5,nan,89,249 miles,8 hrs,3.9
2021 Tesla Model 3 Standard Range Plus,"$35,688","15,676",direct drive,1,5,nan,nan,242-243 miles,7.8 hrs,4.3
2019 Volkswagen e-Golf SEL Premium Hatchback,"$23,650","16,142",direct drive,1,5,827,119,125 miles,5.3 hrs,4.1
2018 Nissan LEAF SV Hatchback,"$16,497","41,196",direct drive,2,5,985,112,136-146 miles,nan,4.4
2022 Tesla Model 3 Performance,"$45,401","19,461",direct drive,1,5,nan,113,296-297 miles,10 hrs,4.1
2022 Kia EV6 Wind,"$37,999","13,480",direct drive,1,5,937,117,310 miles,8.7 hrs,4.3
2021 Ford Mustang Mach-E Premium Hatchback,"$46,589","12,552",direct drive,1,5,nan,93,211 miles,8.5 hrs,4.2
2019 Volkswagen e-Golf SE Hatchback,"$18,000","31,675",direct drive,1,5,827,119,125 miles,5.3 hrs,4.1
2022 Hyundai IONIQ 5 Limited,"$46,898","13,114",direct drive,1,5,938,98,256 miles,8.5 hrs,4.5
2022 Ford Mustang Mach-E GT Hatchback,"$57,991","4,915",direct drive,1,5,nan,84,260-279 miles,10.1 hrs,4.3
2023 BMW iX xDrive50,"$71,363","10,347",direct drive,1,5,"1,067",86,324 miles,12 hrs,4.9
2017 Volkswagen e-Golf SEL Premium Hatchback,"$18,999","29,575",direct drive,1,5,919,119,125 miles,5.3 hrs,3.8
2022 Mercedes-Benz EQS EQS 450+,"$71,991","4,503",direct drive,1,5,"1,075",97,350 miles,12.5 hrs,3.8
2021 MINI Hardtop 2 Door Cooper SE Hatchback,"$25,590","19,240",direct drive,1,4,728,108,110 miles,4 hrs,4.4
2022 Chevrolet Bolt EUV Premier Hatchback,"$36,990","8,518",direct drive,1,5,nan,115,227-255 miles,7.5 hrs,4.2
2022 Tesla Model X Base,"$89,590","2,032",direct drive,1,5,nan,102,335 miles,14 hrs,3.2
2019 Tesla Model S Performance,"$57,990","19,778",direct drive,1,5,nan,104,323 miles,12 hrs,4.1
2018 Tesla Model X 100D,"$57,990","10,270",direct drive,1,5,nan,87,276 miles,12 hrs,4.1
2022 Ford Mustang Mach-E GT Hatchback,"$49,590","3,357",direct drive,1,5,nan,84,243-260 miles,10.3 hrs,4.3
2022 BMW iX xDrive50,"$81,000","2,911",direct drive,1,5,"1,054",86,324 miles,12 hrs,4.9
2022 Chevrolet Bolt EUV Premier Hatchback,"$37,999","4,224",direct drive,1,5,nan,115,230-257 miles,7.5 hrs,4.2
2016 Tesla Model X 75D,"$43,589","46,246",direct drive,2,5,nan,nan,215-216 miles,nan,3.7
2023 Audi e-tron Sportback Premium S line,"$69,985","1,723",direct drive,1,5,"1,058",78,211-220 miles,10 hrs,3.7
2021 Tesla Model 3 Performance,"$49,590","4,799",direct drive,1,5,nan,113,293-295 miles,10 hrs,4.3
2022 Polestar 2 Long Range Dual Motor Hatchback,"$42,999","3,667",direct drive,1,5,nan,89,249 miles,8 hrs,3.9
2022 Chevrolet Bolt EUV Premier Hatchback,"$35,590","14,024",direct drive,1,5,nan,115,247 miles,7.5 hrs,4.2
2021 Volkswagen ID.4 Pro S (Statement),"$35,410","13,203",direct drive,1,5,nan,97,250 miles,7.5 hrs,4.2
2022 Tesla Model 3 Performance,"$49,999","2,859",direct drive,1,5,nan,113,300-301 miles,10 hrs,4.1
2014 BMW i3 Base Hatchback,"$14,990","32,510",direct drive,5,4,937,124,67-75 miles,nan,3.6
2021 Tesla Model S Long Range,"$63,990","6,436",direct drive,1,5,nan,120,380 miles,15 hrs,3.1
2018 Tesla Model 3 Performance,"$40,990","26,431",direct drive,1,5,nan,116,310 miles,10 hrs,4.8
2021 Audi e-tron Premium,"$40,204","41,797",direct drive,1,5,nan,78,213-228 miles,10 hrs,3.2
2016 Kia Soul EV +,"$14,590","29,656",direct drive,2,5,"1,032",105,nan,10 hrs,4.3
2015 Tesla Model S P85D,"$40,879","48,391",direct drive,2,5,nan,93,237 miles,nan,4.7
2021 Tesla Model 3 Performance,"$47,999","2,734",direct drive,1,5,nan,113,296-297 miles,10 hrs,4.3
2018 Tesla Model 3 Long Range,"$38,990","4,226",direct drive,1,5,nan,116,294 miles,10 hrs,4.8
2019 Nissan LEAF SV Hatchback,"$19,988","17,905",direct drive,2,5,985,112,143-151 miles,8 hrs,4.6
2016 smart fortwo electric drive coupe Hatchback,"$12,590","22,839",direct drive,3,2,419,107,nan,8 hrs,4.1
2022 Chevrolet Bolt EUV LT Hatchback,"$28,988","13,930",direct drive,1,5,nan,115,247 miles,7.5 hrs,4.2
2022 Nissan LEAF SV Hatchback,"$22,990","11,838",direct drive,2,5,936,111,149 miles,8 hrs,4.1
2022 MINI Hardtop 2 Door Cooper SE Hatchback,"$28,990","4,692",direct drive,1,4,743,110,114 miles,4 hrs,4.4
2022 Audi e-tron Sportback Premium Plus S line,"$58,500","3,599",direct drive,1,5,"1,058",77,203-215 miles,10 hrs,3.7
2018 Tesla Model S 100D,"$46,851","20,200",direct drive,1,5,nan,102,304 miles,12 hrs,4.3
2021 Tesla Model 3 Performance,"$46,999","8,847",direct drive,1,5,nan,113,293-294 miles,10 hrs,4.3
2020 Nissan LEAF SV Hatchback,"$21,221","10,108",direct drive,1,5,"1,182",111,148-156 miles,7.5 hrs,4.3
2021 Audi e-tron Sportback Premium Plus,"$52,194","15,430",direct drive,1,5,nan,77,210-225 miles,10 hrs,5.0
2022 MINI Hardtop 2 Door Cooper SE Hatchback,"$27,990","7,871",direct drive,1,4,743,110,114 miles,4 hrs,4.4
2015 smart fortwo electric drive coupe Hatchback,"$11,590","19,637",direct drive,2,2,419,107,nan,4 hrs,4.0
2019 Audi e-tron Premium Plus quattro,"$40,456","13,733",direct drive,1,5,nan,nan,201-212 miles,nan,4.0
2022 MINI Hardtop 2 Door Cooper SE Hatchback,"$26,990","9,712",direct drive,1,4,743,110,114 miles,4 hrs,4.4
2021 Volkswagen ID.4 1st Edition,"$34,999","3,405",direct drive,1,5,nan,97,250 miles,7.5 hrs,4.2
2023 Tesla Model 3 Base,"$42,990","4,332",direct drive,2,5,nan,nan,268 miles,10.4 hrs,3.9
2022 Ford E-Transit Cargo Van 350 Medium Roof,"$50,990","5,796",direct drive,1,2,"3,750",nan,nan,10.4 hrs,4.0
2017 Tesla Model S 75D,"$41,999","27,320",direct drive,1,5,nan,103,240 miles,nan,4.5
2022 Ford F-150 Lightning Lariat SuperCrew,"$78,995","4,583",direct drive,1,5,"2,000",68,230 miles,11.9 hrs,4.9
2021 Volvo XC40 Recharge Pure Electric P8,"$40,527","26,297",direct drive,1,5,nan,79,208 miles,8 hrs,3.0
2018 Tesla Model 3 Long Range,"$33,990","34,328",direct drive,1,5,nan,nan,310 miles,10 hrs,4.8
2018 Tesla Model 3 Mid Range,"$32,990","43,994",direct drive,2,5,nan,123,260 miles,10 hrs,4.8
2022 MINI Hardtop 2 Door Cooper SE Hatchback,"$29,590","3,970",direct drive,1,4,743,110,114 miles,4 hrs,4.4
2020 Chevrolet Bolt EV LT Hatchback,"$22,665","26,318",direct drive,2,5,nan,118,231-257 miles,10 hrs,4.1
2022 Kia EV6 Wind,"$41,243","6,687",direct drive,1,5,895,105,274 miles,8.4 hrs,4.3
2017 Chevrolet Bolt EV Premier Hatchback,"$21,990","15,971",direct drive,1,5,nan,119,Edmunds considers this used vehicle a Fair Price because the price is within the market average for similar vehicles in your region.,9.3 hrs,4.4
2022 Hyundai IONIQ 5 SE,"$36,999","8,247",direct drive,1,5,943,114,303 miles,8.5 hrs,4.5
2020 Nissan LEAF SV Hatchback,"$22,890","18,955",direct drive,1,5,"1,182",111,144-154 miles,7.5 hrs,4.3
2020 Nissan LEAF S Hatchback,"$19,990","18,491",direct drive,1,5,"1,213",111,144-154 miles,7.5 hrs,4.3
2023 MINI Hardtop 2 Door Cooper SE Hatchback,"$30,590","11,098",direct drive,1,4,nan,nan,nan,7.5 hrs,4.4
2018 smart fortwo electric drive prime Hatchback,"$14,990","29,041",direct drive,1,2,nan,108,58 miles,3 hrs,4.1
2015 BMW i3 Base Hatchback,"$14,490","46,935",direct drive,4,4,715,124,68-75 miles,nan,4.1
2016 Volkswagen e-Golf SE Hatchback,"$13,990","55,318",direct drive,4,5,939,116,nan,nan,3.8
2020 Tesla Model 3 Long Range,"$36,599","43,726",direct drive,1,5,nan,121,284-285 miles,10 hrs,4.1
2020 Tesla Model Y Performance,"$47,995","17,416",direct drive,1,5,nan,121,275 miles,10 hrs,3.5
2015 Tesla Model S P85D,"$35,590","62,000",direct drive,2,5,nan,93,234 miles,nan,4.7
2022 MINI Hardtop 2 Door Cooper SE Hatchback,"$26,990","2,592",direct drive,1,4,743,110,114 miles,4 hrs,4.4
2022 Polestar 2 Long Range Dual Motor Hatchback,"$41,990","9,230",direct drive,1,5,nan,89,249 miles,8 hrs,3.9
2019 Chevrolet Bolt EV LT Hatchback,"$20,928","35,949",direct drive,1,5,nan,119,246-273 miles,9.3 hrs,4.2
2023 Audi e-tron Sportback Premium S line,"$67,993","4,076",direct drive,1,5,"1,058",78,218 miles,10 hrs,3.7
2019 Tesla Model S Performance,"$58,590","26,337",direct drive,1,5,nan,104,325 miles,12 hrs,4.1
2020 Chevrolet Bolt EV Premier Hatchback,"$25,300","21,908",direct drive,1,5,nan,118,228-253 miles,10 hrs,4.1
2022 Mercedes-Benz EQS EQS 450+,"$72,888","7,701",direct drive,2,5,"1,075",97,350 miles,12.5 hrs,3.8
2022 MINI Hardtop 2 Door Cooper SE Hatchback,"$26,990","9,662",direct drive,1,4,743,110,114 miles,4 hrs,4.4
2013 Nissan LEAF SL Hatchback,"$7,999","55,264",direct drive,4,5,853,115,67-69 miles,nan,4.1
2022 Mercedes-Benz EQB EQB 350,"$47,488","3,252",direct drive,1,5,nan,96,227 miles,8.25 hrs,nan
2016 FIAT 500e Battery Electric Hatchback,"$9,995","36,852",direct drive,3,4,nan,112,nan,8.25 hrs,4.2
2022 Hyundai IONIQ 5 SE,"$38,999","3,572",direct drive,1,5,938,98,256 miles,8.5 hrs,4.5
2022 Kia EV6 Wind,"$42,990","4,724",direct drive,1,5,895,105,274 miles,8.4 hrs,4.3
2021 Tesla Model Y Long Range,"$46,496","18,847",direct drive,1,5,nan,125,305-306 miles,10 hrs,3.8
2023 Tesla Model 3 Base,"$42,590","1,412",direct drive,1,5,nan,nan,270 miles,10.4 hrs,3.9
2019 Volkswagen e-Golf SE Hatchback,"$21,589","20,691",direct drive,1,5,827,119,125 miles,5.3 hrs,4.1
2018 Tesla Model 3 Performance,"$38,990","32,611",direct drive,1,5,nan,116,287-288 miles,10 hrs,4.8
2020 Tesla Model 3 Standard Range Plus,"$35,990","9,601",direct drive,1,5,nan,nan,227-228 miles,8.5 hrs,4.1
2021 Nissan LEAF SV Hatchback,"$20,900","20,032",direct drive,1,5,940,111,144-155 miles,8 hrs,4.3
2022 MINI Hardtop 2 Door Cooper SE Hatchback,"$27,990","7,109",direct drive,1,4,743,110,114 miles,4 hrs,4.4
2019 Audi e-tron Premium Plus quattro,"$42,590","16,769",direct drive,1,5,nan,nan,202-213 miles,nan,4.0
2019 Hyundai Kona Electric Ultimate,"$29,590","9,928",direct drive,1,5,nan,120,258 miles,9 hrs,4.7
2022 Tesla Model 3 Long Range,"$42,999","2,961",direct drive,1,5,nan,nan,346 miles,11.5 hrs,4.1
2019 Audi e-tron Premium Plus quattro,"$39,995","17,001",direct drive,1,5,nan,nan,202-213 miles,nan,4.0
2021 Nissan LEAF SL PLUS Hatchback,"$27,990","15,427",direct drive,1,5,942,104,217-227 miles,11 hrs,4.3
2021 MINI Hardtop 2 Door Cooper SE Hatchback,"$25,990","11,992",direct drive,1,4,728,108,110 miles,4 hrs,4.4
2023 Volkswagen ID.4 AWD Pro S,"$45,339","3,834",direct drive,1,5,959,99,255 miles,7.5 hrs,4.1
2022 Tesla Model 3 Performance,"$49,999","5,479",direct drive,1,5,nan,113,298-299 miles,10 hrs,4.1
2021 Ford Mustang Mach-E California Route 1 Hatchback,"$44,589","9,915",direct drive,1,5,nan,101,286-304 miles,11.4 hrs,4.2
2022 MINI Hardtop 2 Door Cooper SE Hatchback,"$27,590","9,707",direct drive,1,4,743,110,114 miles,4 hrs,4.4
2022 Hyundai IONIQ 5 SEL,"$40,488","22,966",direct drive,1,5,943,114,303 miles,8.5 hrs,4.5
2022 Tesla Model 3 Performance,"$48,999","9,556",direct drive,1,5,nan,113,297-298 miles,10 hrs,4.1
2022 Tesla Model Y Long Range,"$49,895","11,079",direct drive,1,5,nan,122,330 miles,11.5 hrs,3.7
2022 Tesla Model Y Long Range,"$48,800","18,549",direct drive,1,5,nan,122,308-309 miles,11.5 hrs,3.7
2021 Chevrolet Bolt EV LT Hatchback,"$26,589","13,685",direct drive,1,5,nan,118,230-256 miles,10 hrs,4.2
2022 Nissan LEAF SL PLUS Hatchback,"$25,525","27,039",direct drive,1,5,938,104,221-231 miles,11 hrs,4.1
2021 Ford Mustang Mach-E GT Hatchback,"$53,999","7,383",direct drive,1,5,nan,84,269-286 miles,10.3 hrs,4.2
2022 Kia Niro EV EX,"$25,969","31,897",direct drive,1,5,"1,062",112,239 miles,9.5 hrs,4.2
2022 Hyundai Kona Electric SEL,"$27,399","18,075",direct drive,1,5,"1,047",120,258 miles,9.5 hrs,3.5
2022 MINI Hardtop 2 Door Cooper SE Hatchback,"$30,990","5,282",direct drive,1,4,743,110,114 miles,4 hrs,4.4
2023 Ford Mustang Mach-E GT Hatchback,"$64,700","3,756",direct drive,1,5,nan,84,252-275 miles,10.3 hrs,4.3
2022 Ford E-Transit Cargo Van 350 Medium Roof,"$50,990","6,715",direct drive,1,2,"3,628",nan,nan,10.3 hrs,4.0
2018 Tesla Model X 75D,"$53,990","16,770",direct drive,2,5,nan,93,226 miles,12 hrs,4.1
2021 Audi e-tron Sportback Premium,"$49,900","14,328",direct drive,1,5,nan,77,207-218 miles,10 hrs,5.0
2022 Hyundai Kona Electric SEL,"$31,589","14,438",direct drive,1,5,"1,047",120,258 miles,9.5 hrs,3.5
2022 Tesla Model 3 Long Range,"$42,999","11,283",direct drive,1,5,nan,nan,341-344 miles,11.5 hrs,4.1
2020 Tesla Model 3 Long Range,"$36,990","38,884",direct drive,2,5,nan,121,322 miles,10 hrs,4.1
2023 Kia EV6 GT,"$58,590","3,182",direct drive,0,5,937,79,206 miles,8.9 hrs,4.2
2022 Volvo XC40 Recharge Twin Pure Electric Plus,"$48,990","7,119",direct drive,1,5,nan,85,223 miles,8 hrs,nan
2022 Ford Mustang Mach-E Premium Hatchback,"$46,999","1,644",direct drive,1,5,nan,93,241-256 miles,8 hrs,4.3
2020 Chevrolet Bolt EV LT Hatchback,"$24,999","20,764",direct drive,1,5,nan,118,259 miles,10 hrs,4.1
2016 Volkswagen e-Golf SEL Premium Hatchback,"$15,543","29,900",direct drive,1,5,899,116,nan,10 hrs,3.8
2019 Audi e-tron Premium Plus quattro,"$37,761","27,084",direct drive,1,5,nan,nan,204-214 miles,nan,4.0
2016 Volkswagen e-Golf SE Hatchback,"$15,590","46,338",direct drive,2,5,939,116,nan,nan,3.8
2021 Tesla Model 3 Performance,"$44,999","21,676",direct drive,1,5,nan,113,292-293 miles,10 hrs,4.3
2018 Tesla Model 3 Performance,"$43,990","8,368",direct drive,2,5,nan,116,296-297 miles,10 hrs,4.8
2019 Volkswagen e-Golf SE Hatchback,"$19,988","34,440",direct drive,1,5,827,119,125 miles,5.3 hrs,4.1
2022 Hyundai IONIQ 5 Limited,"$48,306","11,876",direct drive,1,5,938,98,256 miles,8.5 hrs,4.5
2022 Hyundai IONIQ 5 SE,"$40,987","4,548",direct drive,1,5,938,98,256 miles,8.5 hrs,4.5
2014 Toyota RAV4 EV Base,"$16,990","86,989",direct drive,2,5,973,76,nan,8.5 hrs,4.4
2020 Chevrolet Bolt EV LT Hatchback,"$21,999","35,919",direct drive,1,5,nan,118,225-252 miles,10 hrs,4.1
2017 Tesla Model 3 Long Range,"$31,999","30,742",direct drive,1,5,nan,126,289-291 miles,12 hrs,4.9
2021 Nissan LEAF SV PLUS Hatchback,"$24,999","12,974",direct drive,1,5,958,104,215 miles,11 hrs,4.3
2021 Volkswagen ID.4 Pro S (Statement),"$36,999","8,413",direct drive,1,5,nan,97,250 miles,7.5 hrs,4.2
2022 Ford Mustang Mach-E Select Hatchback,"$42,999","1,053",direct drive,1,5,nan,103,233-250 miles,8.1 hrs,4.3
2022 Tesla Model 3 Performance,"$49,999","8,123",direct drive,1,5,nan,113,302 miles,10 hrs,4.1
2021 Tesla Model 3 Standard Range Plus,"$36,000","18,887",direct drive,1,5,nan,nan,238-239 miles,7.8 hrs,4.3
2021 Tesla Model 3 Standard Range Plus,"$37,990","15,887",direct drive,1,5,nan,nan,243 miles,7.8 hrs,4.3
2018 Tesla Model 3 Long Range,"$35,999","22,974",direct drive,1,5,nan,116,310 miles,10 hrs,4.8
2019 Audi e-tron Prestige quattro,"$45,590","17,653",direct drive,1,5,nan,nan,202-213 miles,nan,4.0
2013 Toyota RAV4 EV Base,"$16,990","61,566",direct drive,4,5,973,76,nan,nan,4.0
2021 Ford Mustang Mach-E GT Hatchback,"$51,289","6,846",direct drive,1,5,nan,84,269-286 miles,10.1 hrs,4.2
2017 Kia Soul EV e,"$15,589","45,973",direct drive,3,5,"1,032",105,nan,10.1 hrs,4.2
2021 Kia Niro EV EX,"$26,895","21,585",direct drive,1,5,"1,062",112,239 miles,9.5 hrs,4.7
2019 Audi e-tron Premium Plus quattro,"$38,991","21,737",direct drive,1,5,nan,nan,192-201 miles,nan,4.0
2019 Nissan LEAF SL PLUS Hatchback,"$22,590","35,461",direct drive,1,5,898,104,215 miles,11.5 hrs,4.6
2022 Chevrolet Bolt EV 2LT Hatchback,"$30,589","2,483",direct drive,1,5,nan,120,252-277 miles,7.5 hrs,4.3
2019 Tesla Model X Long Range,"$58,590","34,394",direct drive,1,5,nan,nan,296 miles,nan,4.0
2022 Ford Mustang Mach-E Select Hatchback,"$44,589","6,994",direct drive,1,5,nan,93,246-259 miles,8 hrs,4.3
2020 Chevrolet Bolt EV Premier Hatchback,"$28,792","18,495",direct drive,1,5,nan,118,231-260 miles,10 hrs,4.1
2018 Tesla Model S P100D,"$62,999","6,778",direct drive,1,5,nan,98,306-307 miles,12 hrs,4.3
2019 Tesla Model 3 Standard Range Plus,"$31,388","41,304",direct drive,1,5,nan,nan,215 miles,9.5 hrs,4.6
2019 Tesla Model 3 Standard Range Plus,"$35,999","5,661",direct drive,1,5,nan,nan,220-221 miles,9.5 hrs,4.6
2022 Ford Mustang Mach-E Select Hatchback,"$42,999","3,835",direct drive,1,5,nan,103,230-254 miles,8.1 hrs,4.3
2018 Tesla Model S P100D,"$53,999","46,690",direct drive,1,5,nan,98,299 miles,12 hrs,4.3
2022 Ford Mustang Mach-E Select Hatchback,"$42,999","1,202",direct drive,1,5,nan,103,236-251 miles,8.1 hrs,4.3
2020 Nissan LEAF S Hatchback,"$19,750","30,944",direct drive,1,5,"1,213",111,141-151 miles,7.5 hrs,4.3
2020 Porsche Taycan 4S,"$96,888","18,588",automated manual,1,5,"1,396",69,203 miles,10.5 hrs,3.6
2021 Tesla Model 3 Standard Range Plus,"$37,785","13,576",direct drive,2,5,nan,nan,238-239 miles,7.8 hrs,4.3
2021 Tesla Model 3 Long Range,"$40,980","20,245",direct drive,1,5,nan,nan,330-331 miles,11.2 hrs,4.3
2022 Tesla Model Y Performance,"$54,589","8,809",direct drive,1,5,nan,111,284-285 miles,11.8 hrs,3.7
2018 Tesla Model 3 Performance,"$40,990","26,194",direct drive,1,5,nan,116,291-293 miles,10 hrs,4.8
2021 Ford Mustang Mach-E Premium Hatchback,"$47,589","15,265",direct drive,1,5,nan,93,244-254 miles,10.7 hrs,4.2
2021 Ford Mustang Mach-E Select Hatchback,"$40,589","12,627",direct drive,1,5,nan,93,231-250 miles,8.5 hrs,4.2
2021 Ford Mustang Mach-E Select Hatchback,"$40,589","10,526",direct drive,1,5,nan,93,245-256 miles,8.5 hrs,4.2
2016 Tesla Model X 90D,"$49,990","33,373",direct drive,1,5,nan,92,237 miles,nan,3.7
2021 Volkswagen ID.4 AWD Pro S (Statement),"$39,999","13,441",direct drive,1,5,nan,93,240 miles,7.5 hrs,4.2
2020 Jaguar I-PACE HSE Hatchback,"$52,980","16,710",direct drive,1,5,nan,76,234 miles,13 hrs,4.2
2021 Ford Mustang Mach-E Select Hatchback,"$40,589","10,623",direct drive,1,5,nan,93,211 miles,8.5 hrs,4.2
2022 Ford Mustang Mach-E Select Hatchback,"$42,999","3,853",direct drive,1,5,nan,103,239-253 miles,8.1 hrs,4.3
2022 Ford Mustang Mach-E Select Hatchback,"$42,999","2,912",direct drive,1,5,nan,103,238-253 miles,8.1 hrs,4.3
2022 Polestar 2 Long Range Single Motor Hatchback,"$38,999","8,371",direct drive,1,5,nan,107,270 miles,8 hrs,3.9
2021 Hyundai Kona Electric SEL,"$26,999","25,700",direct drive,1,5,"1,047",120,258 miles,9 hrs,4.0
2020 Porsche Taycan 4S,"$90,991","17,171",automated manual,2,5,"1,396",69,203 miles,10.5 hrs,3.6
2019 Volkswagen e-Golf SE Hatchback,"$19,621","37,431",direct drive,1,5,827,119,125 miles,5.3 hrs,4.1
2015 Chevrolet Spark EV 2LT Hatchback,"$10,444","64,736",direct drive,2,4,nan,119,nan,5.3 hrs,4.8
2014 Toyota RAV4 EV Base,"$16,990","97,434",direct drive,2,5,973,76,nan,5.3 hrs,4.4
2020 Tesla Model Y Performance,"$43,999","48,171",direct drive,1,5,nan,121,268-269 miles,10 hrs,3.5
2020 Tesla Model Y Performance,"$44,988","31,893",direct drive,1,5,nan,121,272 miles,10 hrs,3.5
2016 Mercedes-Benz B-Class Electric Drive B 250e Hatchback,"$18,590","45,186",direct drive,3,5,nan,84,nan,10 hrs,4.0
2020 Chevrolet Bolt EV Premier Hatchback,"$26,712","23,999",direct drive,1,5,nan,118,243-270 miles,10 hrs,4.1
2018 Tesla Model X 100D,"$49,590","75,450",direct drive,2,5,nan,87,262 miles,12 hrs,4.1
2016 Tesla Model S P100D,"$51,990","42,429",direct drive,2,5,nan,98,293 miles,nan,4.4
2019 Hyundai Ioniq Electric Limited Hatchback,"$20,900","40,441",direct drive,1,5,"1,004",nan,124 miles,4 hrs,5.0
2021 Nissan LEAF SV PLUS Hatchback,"$24,997","32,060",direct drive,1,5,958,104,215 miles,11 hrs,4.3
2021 Audi e-tron Prestige,"$57,990","21,100",direct drive,1,5,nan,78,210-220 miles,10 hrs,3.2
2019 Hyundai Kona Electric Ultimate,"$27,199","26,960",direct drive,1,5,nan,120,258 miles,9 hrs,4.7
2016 Mercedes-Benz B-Class Electric Drive B 250e Hatchback,"$18,590","56,644",direct drive,3,5,nan,84,nan,9 hrs,4.0
2021 Tesla Model Y Long Range,"$49,589","17,002",direct drive,2,5,nan,125,298 miles,10 hrs,3.8
2016 Volkswagen e-Golf SEL Premium Hatchback,"$14,742","53,765",direct drive,2,5,899,116,nan,10 hrs,3.8
2019 Audi e-tron Premium Plus quattro,"$39,489","25,340",direct drive,1,5,nan,nan,203-214 miles,nan,4.0
2021 Tesla Model 3 Standard Range Plus,"$36,590","25,854",direct drive,1,5,nan,nan,240 miles,7.8 hrs,4.3
2019 Hyundai Ioniq Electric Limited Hatchback,"$21,550","46,032",direct drive,1,5,"1,004",nan,124 miles,4 hrs,5.0
2022 Audi e-tron Premium Plus,"$53,997","15,729",direct drive,1,5,nan,78,222 miles,10 hrs,3.3
2014 Chevrolet Spark EV 2LT Hatchback,"$10,990","23,466",direct drive,3,4,nan,119,nan,10 hrs,4.7
2019 Audi e-tron Premium Plus quattro,"$37,495","35,364",direct drive,1,5,nan,nan,204-215 miles,nan,4.0
2021 Ford Mustang Mach-E Select Hatchback,"$33,985","33,996",direct drive,1,5,nan,100,236-252 miles,8.8 hrs,4.2
2019 Tesla Model X Long Range,"$62,999","24,937",direct drive,2,5,nan,nan,294 miles,nan,4.0
2021 MINI Hardtop 2 Door Cooper SE Hatchback,"$27,590","8,197",direct drive,1,4,728,108,110 miles,4 hrs,4.4
2019 Tesla Model 3 Mid Range,"$32,990","40,458",direct drive,2,5,nan,123,232-233 miles,10 hrs,4.6
2021 Tesla Model Y Long Range,"$49,589","20,448",direct drive,2,5,nan,125,296 miles,10 hrs,3.8
2021 Tesla Model Y Long Range,"$45,883","30,521",direct drive,1,5,nan,125,297 miles,10 hrs,3.8
2020 Tesla Model Y Long Range,"$44,990","31,168",direct drive,2,5,nan,121,288 miles,10 hrs,3.5
2022 Tesla Model Y Performance,"$55,425","5,498",direct drive,1,5,nan,111,288 miles,11.8 hrs,3.7
2020 Hyundai Ioniq Electric Limited Hatchback,"$25,687","8,845",direct drive,1,5,855,nan,170 miles,5.8 hrs,5.0
2021 Chevrolet Bolt EV Premier Hatchback,"$25,999","32,120",direct drive,1,5,nan,118,213-242 miles,10 hrs,4.2
2022 MINI Hardtop 2 Door Cooper SE Hatchback,"$27,990","6,922",direct drive,2,4,743,110,114 miles,4 hrs,4.4
2020 Chevrolet Bolt EV LT Hatchback,"$24,589","31,334",direct drive,1,5,nan,118,224-249 miles,10 hrs,4.1
2017 Nissan LEAF S Hatchback,"$16,590","21,850",direct drive,1,5,"1,108",112,96-104 miles,6 hrs,4.4
2022 Tesla Model S Base,"$78,990","10,927",direct drive,1,5,nan,120,383 miles,15 hrs,3.2
2019 Kia Niro EV EX,"$25,376","31,625",direct drive,1,5,"1,062",112,239 miles,9.5 hrs,4.7
2019 Tesla Model 3 Standard Range Plus,"$31,999","36,635",direct drive,1,5,nan,nan,213-214 miles,9.5 hrs,4.6
2015 Volkswagen e-Golf SEL Premium Hatchback,"$12,990","85,895",direct drive,2,5,930,116,nan,9.5 hrs,3.8
2018 Tesla Model 3 Long Range,"$35,888","25,283",direct drive,1,5,nan,nan,289-290 miles,10 hrs,4.8
2022 Ford E-Transit Cargo Van 350 Medium Roof,"$50,990","4,131",direct drive,1,2,"3,628",nan,nan,10 hrs,4.0
2021 Ford Mustang Mach-E Premium Hatchback,"$40,590","46,622",direct drive,1,5,nan,93,270 miles,10.7 hrs,4.2
2016 smart fortwo electric drive coupe Hatchback,"$14,990","20,874",direct drive,2,2,419,107,nan,10.7 hrs,4.1
2020 Tesla Model 3 Standard Range Plus,"$33,188","37,228",direct drive,1,5,nan,nan,250 miles,8.5 hrs,4.1
2022 Mazda MX-30 Premium Plus,"$30,990","4,790",direct drive,1,5,nan,92,100 miles,5.3 hrs,nan
2015 Nissan LEAF S Hatchback,"$14,590","24,926",direct drive,2,5,950,114,77-81 miles,nan,4.5
2019 Tesla Model X P100D,"$62,558","52,384",direct drive,1,5,nan,85,271-272 miles,12 hrs,4.0
2021 Ford Mustang Mach-E Premium Hatchback,"$43,999","29,919",direct drive,1,5,nan,93,231-248 miles,10.7 hrs,4.2
2020 Porsche Taycan Turbo,"$129,991","9,287",automated manual,1,4,"1,217",69,201 miles,10 hrs,3.6
2022 Ford Mustang Mach-E Select Hatchback,"$43,999","4,860",direct drive,1,5,nan,93,Edmunds considers this used vehicle a Fair Price because the price is within the market average for similar vehicles in your region.,8 hrs,4.3
2022 MINI Hardtop 2 Door Cooper SE Hatchback,"$28,990","12,092",direct drive,1,4,743,110,114 miles,4 hrs,4.4
2021 Tesla Model X Long Range,"$80,590","3,974",direct drive,1,5,nan,105,352-353 miles,15 hrs,3.3
2018 Tesla Model 3 Long Range,"$31,998","53,752",direct drive,1,5,nan,nan,287-288 miles,10 hrs,4.8
2020 Nissan LEAF SL PLUS Hatchback,"$25,990","20,713",direct drive,1,5,904,104,218-228 miles,11.5 hrs,4.3
2022 Ford Mustang Mach-E GT Hatchback,"$55,590","10,586",direct drive,1,5,nan,84,248-274 miles,10.3 hrs,4.3
2022 Tesla Model 3 Long Range,"$45,933","10,885",direct drive,1,5,nan,nan,358 miles,11.5 hrs,4.1
2020 Chevrolet Bolt EV Premier Hatchback,"$27,589","8,563",direct drive,1,5,nan,118,232-259 miles,10 hrs,4.1
2022 Kia Niro EV S,"$31,550","5,800",direct drive,1,5,"1,062",112,239 miles,9.5 hrs,4.2
2022 Ford Mustang Mach-E GT Hatchback,"$59,337","8,973",direct drive,1,5,nan,84,261-280 miles,10.3 hrs,4.3
2022 Polestar 2 Long Range Single Motor Hatchback,"$40,590","1,229",direct drive,1,5,nan,107,270 miles,8 hrs,3.9
2023 Tesla Model 3 Base,"$41,990","4,992",direct drive,1,5,nan,nan,268 miles,10.4 hrs,3.9
2022 BMW i4 eDrive40,"$55,380","4,209",direct drive,1,5,933,109,301 miles,nan,nan
2022 Tesla Model S Base,"$79,990","4,841",direct drive,1,5,nan,120,386 miles,15 hrs,3.2
2022 Tesla Model 3 Long Range,"$48,590","3,512",direct drive,1,5,nan,nan,345-346 miles,11.5 hrs,4.1
2023 Polestar 2 Long Range Dual Motor Hatchback,"$56,590","6,139",direct drive,1,5,nan,100,260 miles,8 hrs,3.7
2022 Tesla Model 3 Long Range,"$45,990","13,136",direct drive,1,5,nan,nan,339-340 miles,11.5 hrs,4.1
2021 Tesla Model S Base,"$75,990","7,193",direct drive,1,5,nan,120,381-382 miles,15 hrs,3.1
2022 Tesla Model 3 Long Range,"$45,990","7,930",direct drive,1,5,nan,nan,342-343 miles,11.5 hrs,4.1
2015 Chevrolet Spark EV 2LT Hatchback,"$11,590","41,085",direct drive,3,4,nan,119,nan,11.5 hrs,4.8
2019 Nissan LEAF SV Hatchback,"$22,590","24,882",direct drive,1,5,985,112,138-146 miles,8 hrs,4.6
2022 Ford E-Transit Cargo Van 350 Medium Roof,"$50,990","8,379",direct drive,1,2,"3,628",nan,nan,8 hrs,4.0
2022 Ford Mustang Mach-E GT Hatchback,"$58,790","9,098",direct drive,1,5,nan,84,261-280 miles,10.3 hrs,4.3
2018 Tesla Model 3 Mid Range,"$33,000","39,218",direct drive,1,5,nan,123,255-256 miles,10 hrs,4.8
2023 Ford F-150 Lightning Lariat SuperCrew,"$85,995","1,286",direct drive,1,5,"2,000",68,240 miles,11.9 hrs,4.3
2022 Kia Niro EV EX,"$31,499","2,822",direct drive,1,5,"1,062",112,Edmunds considers this used vehicle a Fair Price because the price is within the market average for similar vehicles in your region.,9.5 hrs,4.2
2022 Audi e-tron Sportback Premium Plus S line,"$61,990","9,593",direct drive,1,5,"1,058",77,212-226 miles,10 hrs,3.7
2019 Tesla Model X P100D,"$69,990","25,072",direct drive,2,5,nan,85,280 miles,12 hrs,4.0
2022 Tesla Model X Base,"$92,590","10,462",direct drive,1,5,nan,102,332 miles,14 hrs,3.2
2017 Chevrolet Bolt EV LT Hatchback,"$21,590","26,475",direct drive,1,5,nan,119,251-276 miles,9.3 hrs,4.4
2022 Ford Mustang Mach-E Premium Hatchback,"$43,999","4,284",direct drive,1,5,nan,103,248-262 miles,8.1 hrs,4.3
2021 Hyundai Ioniq Electric Limited Hatchback,"$27,999","7,905",direct drive,1,5,855,nan,170 miles,5.8 hrs,4.8
2018 Nissan LEAF SV Hatchback,"$19,990","30,820",direct drive,3,5,985,112,139-146 miles,nan,4.4
2022 Ford Mustang Mach-E Select Hatchback,"$43,999","3,722",direct drive,1,5,nan,93,232-249 miles,8 hrs,4.3
2022 Tesla Model 3 Long Range,"$44,990","11,872",direct drive,1,5,nan,nan,340 miles,11.5 hrs,4.1
2022 Ford Mustang Mach-E Select Hatchback,"$42,999","7,951",direct drive,1,5,nan,93,234-250 miles,8 hrs,4.3
2018 Chevrolet Bolt EV Premier Hatchback,"$24,990","22,040",direct drive,1,5,nan,119,220-254 miles,9.3 hrs,4.5
2022 Chevrolet Bolt EV 2LT Hatchback,"$29,999","12,161",direct drive,2,5,nan,120,240-270 miles,7.5 hrs,4.3
2022 MINI Hardtop 2 Door Cooper SE Hatchback,"$31,589","7,863",direct drive,1,4,743,110,114 miles,4 hrs,4.4
2019 Jaguar I-PACE SE Hatchback,"$38,590","42,833",direct drive,1,5,nan,76,234 miles,13 hrs,4.0
2023 Porsche Taycan GTS,"$157,999","1,586",automated manual,1,4,"1,206",83,246 miles,10.5 hrs,3.9
2016 Tesla Model S P90D,"$48,590","36,778",direct drive,1,5,nan,95,264 miles,nan,4.4
2018 Nissan LEAF SL Hatchback,"$21,590","28,060",direct drive,1,5,945,112,139-149 miles,nan,4.4
2018 Tesla Model 3 Long Range,"$29,990","85,439",direct drive,2,5,nan,nan,285 miles,10 hrs,4.8
2021 MINI Hardtop 2 Door Cooper SE Hatchback,"$26,590","15,451",direct drive,nan,4,728,108,110 miles,4 hrs,4.4
2016 Nissan LEAF SV Hatchback,"$15,590","30,596",direct drive,3,5,986,112,nan,4 hrs,4.4
2022 Hyundai IONIQ 5 SEL,"$43,999","3,674",direct drive,1,5,938,98,256 miles,8.5 hrs,4.5
2019 Audi e-tron Prestige quattro,"$47,994","11,134",direct drive,1,5,nan,nan,204-212 miles,nan,4.0
2021 Ford Mustang Mach-E Select Hatchback,"$41,589","7,724",direct drive,1,5,nan,93,238-251 miles,8.5 hrs,4.2
2017 Nissan LEAF S Hatchback,"$13,500","37,347",direct drive,1,5,"1,108",112,118-121 miles,6 hrs,4.4
2018 Tesla Model 3 Long Range,"$35,990","47,832",direct drive,1,5,nan,116,288-289 miles,10 hrs,4.8
2019 Audi e-tron Premium Plus quattro,"$40,589","32,299",direct drive,1,5,nan,nan,204-214 miles,nan,4.0
2023 Genesis GV60 Performance,"$61,590","14,214",direct drive,1,5,nan,90,235 miles,7.2 hrs,4.8
2018 FIAT 500e Battery Electric Hatchback,"$15,994","38,119",direct drive,2,4,nan,112,84 miles,4 hrs,4.1
2019 Audi e-tron Premium Plus quattro,"$38,303","39,858",direct drive,2,5,nan,nan,196-211 miles,nan,4.0
2022 Ford Mustang Mach-E Select Hatchback,"$43,999","1,214",direct drive,1,5,nan,93,230-247 miles,8 hrs,4.3
2022 Kia Niro EV EX Premium,"$35,999","9,330",direct drive,1,5,"1,062",112,239 miles,9.5 hrs,4.2
2016 Tesla Model S P90D,"$42,807","64,112",direct drive,3,5,nan,95,261 miles,nan,4.4
2022 Ford Mustang Mach-E Select Hatchback,"$42,999","7,292",direct drive,1,5,nan,93,233-250 miles,8 hrs,4.3
2022 Chevrolet Bolt EUV Premier Hatchback,"$34,999","4,029",direct drive,1,5,nan,115,232-255 miles,7.5 hrs,4.2
2018 Tesla Model 3 Long Range,"$33,990","41,180",direct drive,1,5,nan,nan,288-289 miles,10 hrs,4.8
2019 Hyundai Ioniq Electric Limited Hatchback,"$23,990","21,861",direct drive,2,5,"1,004",nan,124 miles,4 hrs,5.0
2022 Audi e-tron Sportback Premium S line,"$55,896","14,976",direct drive,1,5,"1,058",77,211-224 miles,10 hrs,3.7
2019 Kia Niro EV EX Premium,"$28,550","19,785",direct drive,1,5,"1,062",112,239 miles,9.5 hrs,4.7
2020 Tesla Model Y Long Range,"$43,488","41,724",direct drive,1,5,nan,121,289 miles,10 hrs,3.5
2019 Tesla Model S 75D,"$49,999","17,536",direct drive,1,5,nan,103,268-269 miles,12 hrs,4.1
2014 BMW i3 Base Hatchback,"$16,590","41,503",direct drive,4,4,937,124,67-75 miles,nan,3.6
2016 Tesla Model X 75D,"$41,990","73,609",direct drive,1,5,nan,nan,nan,nan,3.7
2020 Tesla Model 3 Long Range,"$40,589","10,986",direct drive,1,5,nan,121,292-293 miles,10 hrs,4.1
2019 Tesla Model 3 Standard Range,"$31,500","44,301",direct drive,1,5,nan,nan,216 miles,nan,4.6
2022 Tesla Model 3 Base,"$41,590","11,730",direct drive,1,5,nan,nan,261-262 miles,10.4 hrs,4.1
2020 Tesla Model 3 Long Range,"$35,990","43,768",direct drive,1,5,nan,121,287-288 miles,10 hrs,4.1
2022 Ford Mustang Mach-E Select Hatchback,"$42,589","9,449",direct drive,1,5,nan,103,238-253 miles,8.1 hrs,4.3
2021 Ford Mustang Mach-E Select Hatchback,"$40,589","10,290",direct drive,1,5,nan,93,245-257 miles,8.5 hrs,4.2
2019 Hyundai Kona Electric Limited,"$26,999","20,700",direct drive,2,5,nan,120,258 miles,9 hrs,4.7
2017 Kia Soul EV +,"$16,590","49,395",direct drive,3,5,"1,032",105,nan,9 hrs,4.2
2016 Nissan LEAF S Hatchback,"$11,916","53,290",direct drive,1,5,"1,021",114,80-83 miles,nan,4.4
2020 Jaguar I-PACE SE Hatchback,"$47,990","18,843",direct drive,1,5,nan,76,234 miles,13 hrs,4.2
2017 Nissan LEAF SV Hatchback,"$17,590","36,281",direct drive,1,5,"1,045",112,107 miles,6 hrs,4.4
2014 BMW i3 Base Hatchback,"$16,590","54,593",direct drive,3,4,937,124,65-73 miles,nan,3.6
2018 Tesla Model S 75D,"$36,978","74,180",direct drive,3,5,nan,103,259 miles,12 hrs,4.3
2019 Tesla Model 3 Standard Range Plus,"$29,999","63,240",direct drive,1,5,nan,nan,216-217 miles,9.5 hrs,4.6
2020 Tesla Model 3 Standard Range Plus,"$32,513","47,078",direct drive,2,5,nan,nan,250 miles,8.5 hrs,4.1
2017 Kia Soul EV +,"$18,590","35,838",direct drive,2,5,"1,032",105,nan,8.5 hrs,4.2
2015 Volkswagen e-Golf SEL Premium Hatchback,"$14,150","66,363",direct drive,2,5,930,116,nan,8.5 hrs,3.8
2021 Ford Mustang Mach-E Premium Hatchback,"$48,999","15,150",direct drive,1,5,nan,93,244-254 miles,10.7 hrs,4.2
2021 Tesla Model Y Long Range,"$48,589","14,298",direct drive,1,5,nan,125,300-301 miles,10 hrs,3.8
2018 Tesla Model X 75D,"$51,589","39,573",direct drive,1,5,nan,93,221 miles,12 hrs,4.1
2014 Tesla Model S P85,"$32,999","38,337",direct drive,2,5,nan,88,249-251 miles,nan,4.5
2020 Tesla Model 3 Performance,"$43,999","13,198",direct drive,2,5,nan,113,276-277 miles,10 hrs,4.1
2017 Tesla Model X 100D,"$60,590","20,175",direct drive,1,5,nan,87,268 miles,nan,3.9
2018 Chevrolet Bolt EV Premier Hatchback,"$23,990","31,087",direct drive,2,5,nan,119,214-248 miles,9.3 hrs,4.5
2022 Tesla Model Y Performance,"$53,589","18,217",direct drive,1,5,nan,111,281-282 miles,11.8 hrs,3.7
2017 Chevrolet Bolt EV Premier Hatchback,"$22,000","36,322",direct drive,2,5,nan,119,229-253 miles,9.3 hrs,4.4
2019 Nissan LEAF SV PLUS Hatchback,"$20,990","62,580",direct drive,1,5,940,104,195-204 miles,11.5 hrs,4.6
2019 Audi e-tron Premium Plus quattro,"$40,997","19,475",direct drive,1,5,nan,nan,201-213 miles,nan,4.0
2016 Kia Soul EV Base,"$16,590","42,246",direct drive,2,5,"1,032",105,nan,nan,4.3
2017 Chevrolet Bolt EV LT Hatchback,"$20,590","41,492",direct drive,2,5,nan,119,236-262 miles,9.3 hrs,4.4
2014 Toyota RAV4 EV Base,"$18,590","70,209",direct drive,3,5,973,76,nan,9.3 hrs,4.4
2019 Tesla Model 3 Mid Range,"$35,990","21,956",direct drive,2,5,nan,123,264 miles,10 hrs,4.6
2021 Tesla Model Y Performance,"$50,589","17,135",direct drive,1,5,nan,111,276-277 miles,11.8 hrs,3.8
2015 BMW i3 Base Hatchback,"$17,990","42,165",direct drive,2,4,715,124,67-75 miles,nan,4.1
2021 Tesla Model 3 Standard Range Plus,"$37,990","22,202",direct drive,1,5,nan,nan,263 miles,7.8 hrs,4.3
2019 Tesla Model S Performance,"$62,990","23,104",direct drive,1,5,nan,104,333-334 miles,12 hrs,4.1
2015 Nissan LEAF SV Hatchback,"$14,590","50,356",direct drive,2,5,917,114,79-82 miles,nan,4.5
2020 Hyundai Ioniq Electric Limited Hatchback,"$21,974","51,691",direct drive,1,5,855,nan,170 miles,5.8 hrs,5.0
2018 Nissan LEAF SV Hatchback,"$19,000","42,161",direct drive,2,5,985,112,136-145 miles,nan,4.4
2017 Chevrolet Bolt EV Premier Hatchback,"$21,990","43,387",direct drive,1,5,nan,119,203-238 miles,9.3 hrs,4.4
2020 Tesla Model Y Long Range,"$44,589","20,549",direct drive,1,5,nan,121,293-294 miles,10 hrs,3.5
2021 Ford Mustang Mach-E Premium Hatchback,"$47,999","20,784",direct drive,1,5,nan,93,245-255 miles,10.7 hrs,4.2
2022 MINI Hardtop 2 Door Cooper SE Hatchback,"$27,990","29,850",direct drive,2,4,743,110,114 miles,4 hrs,4.4
2015 Chevrolet Spark EV 2LT Hatchback,"$10,999","61,566",direct drive,3,4,nan,119,nan,4 hrs,4.8
2023 Audi e-tron Premium,"$66,991","1,922",direct drive,1,5,nan,78,222 miles,10 hrs,3.3
2015 smart fortwo electric drive cabriolet Convertible,"$13,990","20,508",direct drive,2,2,397,107,nan,10 hrs,4.0
2021 Hyundai Kona Electric Ultimate,"$29,999","24,001",direct drive,1,5,926,120,258 miles,9 hrs,4.0
2019 Tesla Model 3 Long Range,"$37,590","28,039",direct drive,2,5,nan,116,284-285 miles,10 hrs,4.6
2018 Nissan LEAF SV Hatchback,"$19,990","51,057",direct drive,1,5,985,112,nan,10 hrs,4.4
2018 Nissan LEAF SL Hatchback,"$20,590","46,308",direct drive,1,5,945,112,130-137 miles,nan,4.4
2021 Hyundai Kona Electric Limited,"$27,999","32,279",direct drive,1,5,992,120,258 miles,9 hrs,4.0
2018 Nissan LEAF SL Hatchback,"$20,990","46,547",direct drive,1,5,945,112,135-142 miles,nan,4.4
2021 Hyundai Kona Electric Ultimate,"$30,477","28,885",direct drive,1,5,926,120,258 miles,9 hrs,4.0
2019 Volkswagen e-Golf SE Hatchback,"$19,999","43,705",direct drive,1,5,827,119,125 miles,5.3 hrs,4.1
2021 Tesla Model 3 Long Range,"$42,590","27,135",direct drive,1,5,nan,nan,331-332 miles,11.2 hrs,4.3
2021 Hyundai Kona Electric Ultimate,"$29,999","34,620",direct drive,1,5,926,120,258 miles,9 hrs,4.0
2020 Tesla Model Y Long Range,"$47,589","25,438",direct drive,1,5,nan,121,292 miles,10 hrs,3.5
2017 Chevrolet Bolt EV Premier Hatchback,"$21,999","51,165",direct drive,2,5,nan,119,238-263 miles,9.3 hrs,4.4
2021 Ford Mustang Mach-E Premium Hatchback,"$46,589","29,140",direct drive,1,5,nan,93,244-254 miles,10.7 hrs,4.2
2021 Hyundai Kona Electric Limited,"$27,999","33,990",direct drive,1,5,992,120,258 miles,9 hrs,4.0
2017 Tesla Model S 75,"$35,500","65,662",direct drive,2,5,nan,98,223 miles,nan,4.5
2019 Tesla Model 3 Mid Range,"$32,350","35,395",direct drive,1,5,nan,123,236-237 miles,10 hrs,4.6
2013 Tesla Model S Base,"$29,990","54,711",direct drive,5,5,nan,95,193 miles,nan,4.5
2019 Tesla Model 3 Long Range,"$37,990","35,547",direct drive,3,5,nan,116,282-283 miles,10 hrs,4.6
2021 Hyundai Kona Electric Ultimate,"$29,999","27,266",direct drive,1,5,926,120,258 miles,9 hrs,4.0
2019 Nissan LEAF SL Hatchback,"$23,990","19,431",direct drive,1,5,945,112,145-152 miles,8 hrs,4.6
2021 Audi e-tron Premium,"$45,926","8,601",direct drive,1,5,nan,78,222 miles,10 hrs,3.2
2019 Tesla Model 3 Long Range,"$36,990","38,798",direct drive,1,5,nan,116,281-283 miles,10 hrs,4.6
2017 Tesla Model S 75,"$37,990","49,047",direct drive,1,5,nan,98,224-225 miles,nan,4.5
2022 Hyundai IONIQ 5 SE,"$36,785","40,600",direct drive,1,5,943,114,303 miles,8.5 hrs,4.5
2019 Tesla Model 3 Standard Range Plus,"$33,990","43,082",direct drive,2,5,nan,nan,240 miles,9.5 hrs,4.6
2019 Tesla Model 3 Standard Range Plus,"$32,590","45,478",direct drive,1,5,nan,nan,216-217 miles,9.5 hrs,4.6
2019 Tesla Model 3 Standard Range Plus,"$31,590","54,990",direct drive,1,5,nan,nan,216 miles,9.5 hrs,4.6
2020 Tesla Model 3 Standard Range Plus,"$35,990","31,424",direct drive,1,5,nan,nan,250 miles,8.5 hrs,4.1
2018 Tesla Model 3 Long Range,"$31,590","71,140",direct drive,nan,5,nan,nan,286-287 miles,10 hrs,4.8
2015 Tesla Model S 70D,"$31,590","68,818",direct drive,3,5,nan,101,224 miles,nan,4.7
2019 Tesla Model 3 Standard Range Plus,"$32,000","61,370",direct drive,2,5,nan,nan,216-217 miles,9.5 hrs,4.6
2021 Nissan LEAF S Hatchback,"$20,991",785,direct drive,1,5,"1,007",111,147-156 miles,8 hrs,4.3
2021 Tesla Model Y Long Range,"$45,589","34,866",direct drive,1,5,nan,125,284-285 miles,10 hrs,3.8
2014 Nissan LEAF S Hatchback,"$14,990","18,137",direct drive,3,5,951,114,77-80 miles,nan,4.1
2019 Audi e-tron Prestige quattro,"$43,524","45,429",direct drive,1,5,nan,nan,200-211 miles,nan,4.0
2017 smart fortwo electric drive passion Hatchback,"$11,990","11,048",direct drive,2,2,nan,108,58 miles,3 hrs,4.2
2018 Tesla Model 3 Mid Range,"$34,589","42,597",direct drive,1,5,nan,123,258-259 miles,10 hrs,4.8
2023 Nissan LEAF S Hatchback,"$23,988",118,direct drive,1,5,999,111,160-168 miles,8 hrs,4.2
2012 Nissan LEAF SL Hatchback,"$10,990","50,709",direct drive,3,5,nan,99,56-59 miles,nan,4.0
2017 Tesla Model X 100D,"$51,999","54,506",direct drive,1,5,nan,87,260 miles,nan,3.9
2014 Ford Focus Electric Hatchback,"$13,590","42,930",direct drive,1,5,nan,105,nan,nan,2.3
2019 Tesla Model 3 Standard Range Plus,"$31,999","47,944",direct drive,1,5,nan,nan,213-214 miles,9.5 hrs,4.6
2020 Hyundai Ioniq Electric Limited Hatchback,"$27,590","4,528",direct drive,2,5,855,nan,170 miles,5.8 hrs,5.0
2018 Tesla Model X 75D,"$49,589","55,634",direct drive,1,5,nan,93,219 miles,12 hrs,4.1
2016 BMW i3 Base Hatchback,"$18,590","23,987",direct drive,3,4,715,124,66-74 miles,nan,4.6
2017 Nissan LEAF SL Hatchback,"$18,590","25,595",direct drive,2,5,"1,026",112,119-122 miles,6 hrs,4.4
2021 Nissan LEAF S Hatchback,"$22,499","7,714",direct drive,1,5,"1,007",111,152-161 miles,8 hrs,4.3
2018 Nissan LEAF SL Hatchback,"$23,990","14,379",direct drive,1,5,945,112,142-151 miles,nan,4.4
2014 BMW i3 Base Hatchback,"$16,590","24,665",direct drive,2,4,937,124,67-76 miles,nan,3.6
2022 MINI Hardtop 2 Door Cooper SE Hatchback,"$28,990","4,899",direct drive,1,4,743,110,114 miles,4 hrs,4.4
2018 Tesla Model 3 Performance,"$44,590","29,382",direct drive,1,5,nan,116,310 miles,10 hrs,4.8
2015 smart fortwo electric drive coupe Hatchback,"$12,999","18,812",direct drive,1,2,419,107,nan,10 hrs,4.0
2013 Nissan LEAF SV Hatchback,"$11,990","28,600",direct drive,3,5,902,115,73-75 miles,nan,4.1
2021 Volkswagen ID.4 Pro S (Statement),"$36,997","34,149",direct drive,1,5,nan,97,250 miles,7.5 hrs,4.2
2020 Nissan LEAF S Hatchback,"$19,195","24,272",direct drive,1,5,"1,213",111,142-151 miles,7.5 hrs,4.3
2015 Nissan LEAF S Hatchback,"$14,990","26,817",direct drive,4,5,950,114,74-79 miles,nan,4.5
2022 Nissan LEAF S Hatchback,"$24,590","15,710",direct drive,1,5,992,111,149 miles,8 hrs,4.1
2022 Hyundai Kona Electric SEL,"$34,590","3,708",direct drive,1,5,"1,047",120,258 miles,9.5 hrs,3.5
2023 Tesla Model 3 Base,"$42,990",897,direct drive,1,5,nan,nan,270-271 miles,10.4 hrs,3.9
2022 Audi Q4 Sportback e-tron Premium Plus,"$54,990","4,040",direct drive,1,5,937,95,241 miles,9 hrs,nan
2023 Kia EV6 Wind,"$44,512",183,direct drive,0,5,"1,080",117,232 miles,6.3 hrs,4.2
2021 MINI Hardtop 2 Door Cooper SE Hatchback,"$29,398","7,117",direct drive,2,4,728,108,110 miles,4 hrs,4.4
2020 Chevrolet Bolt EV LT Hatchback,"$28,500","9,626",direct drive,1,5,nan,118,232-259 miles,10 hrs,4.1
2022 Polestar 2 Long Range Dual Motor Hatchback,"$44,590","4,081",direct drive,1,5,nan,89,249 miles,8 hrs,3.9
2018 smart fortwo electric drive pure Hatchback,"$16,743","27,674",direct drive,3,2,nan,108,58 miles,3 hrs,4.1
2015 Nissan LEAF S Hatchback,"$13,590","28,198",direct drive,2,5,950,114,76-81 miles,nan,4.5
2022 Kia Niro EV EX Premium,"$35,990","7,673",direct drive,1,5,"1,062",112,239 miles,9.5 hrs,4.2
2023 MINI Hardtop 2 Door Cooper SE Signature Hatchback,"$30,590",703,direct drive,1,4,nan,nan,nan,9.5 hrs,4.4
2016 Volkswagen e-Golf SE Hatchback,"$17,590","27,657",direct drive,4,5,939,116,nan,9.5 hrs,3.8
2022 Volvo C40 Recharge Ultimate Hatchback,"$46,990","9,251",direct drive,1,5,nan,87,226 miles,8 hrs,nan
2023 Tesla Model 3 Base,"$44,990","9,389",direct drive,1,5,nan,nan,266-267 miles,10.4 hrs,3.9
2022 Mazda MX-30 Premium Plus,"$31,590","6,364",direct drive,1,5,nan,92,100 miles,5.3 hrs,nan
2022 Mazda MX-30 Premium Plus,"$31,990","4,611",direct drive,2,5,nan,92,100 miles,5.3 hrs,nan
2022 Mazda MX-30 Premium Plus,"$31,990","4,360",direct drive,1,5,nan,92,100 miles,5.3 hrs,nan
2021 Hyundai Ioniq Electric Limited Hatchback,"$29,999","5,791",direct drive,1,5,855,nan,170 miles,5.8 hrs,4.8
2018 Tesla Model 3 Performance,"$40,990","32,537",direct drive,1,5,nan,116,259 miles,10 hrs,4.8
2016 Nissan LEAF S Hatchback,"$14,990","48,705",direct drive,2,5,"1,021",114,81-84 miles,nan,4.4
2016 Chevrolet Spark EV 2LT Hatchback,"$15,999","29,467",direct drive,2,4,nan,119,nan,nan,4.8
2018 Kia Soul EV Base,"$17,999","25,558",direct drive,3,5,"1,032",108,111 miles,5 hrs,4.4
2023 MINI Hardtop 2 Door Cooper SE Hatchback,"$33,590",962,direct drive,1,4,nan,nan,nan,5 hrs,4.4
2022 Tesla Model Y Long Range,"$57,990","5,955",direct drive,1,5,nan,122,314-315 miles,11.5 hrs,3.7
2019 Nissan LEAF SL PLUS Hatchback,"$26,590","16,289",direct drive,1,5,898,104,209-220 miles,11.5 hrs,4.6
2018 Nissan LEAF SL Hatchback,"$22,590","22,510",direct drive,1,5,945,112,140-148 miles,nan,4.4
2021 Volkswagen ID.4 Pro,"$35,990","1,170",direct drive,1,5,nan,99,260 miles,7.5 hrs,4.2
2023 Chevrolet Bolt EUV Premier Hatchback,"$34,997","8,662",direct drive,1,5,nan,115,238-267 miles,7.5 hrs,4.4
2022 Audi e-tron Sportback Premium S line,"$58,372","4,425",direct drive,1,5,"1,058",77,218 miles,10 hrs,3.7
2023 Audi Q4 e-tron Premium Plus,"$55,990","6,835",direct drive,1,5,nan,93,236 miles,9 hrs,3.4
2022 Audi e-tron Sportback Premium Plus S line,"$56,769",16,direct drive,1,5,"1,058",77,215-224 miles,10 hrs,3.7
2022 Volkswagen ID.4 Pro,"$39,990",982,direct drive,1,5,937,107,275 miles,7.5 hrs,4.2
2023 Volvo C40 Recharge Twin Pure Electric Plus Hatchback,"$52,990","3,611",direct drive,1,5,nan,87,226 miles,8 hrs,nan
2022 Kia EV6 Wind,"$44,990","5,611",direct drive,1,5,937,117,310 miles,8.7 hrs,4.3
2022 Lucid Air Grand Touring,"$103,967",873,direct drive,1,5,nan,121,469 miles,13 hrs,3.5
2023 Ford Mustang Mach-E Premium Hatchback,"$52,550","4,502",direct drive,1,5,nan,103,241-263 miles,8.1 hrs,4.3
2022 Volkswagen ID.4 AWD Pro,"$40,997","4,596",direct drive,1,5,937,101,251 miles,7.5 hrs,4.2
2023 Audi e-tron Sportback Premium S line,"$63,925",98,direct drive,0,5,"1,058",78,218 miles,10 hrs,3.7
2022 Tesla Model 3 Base,"$42,990","4,780",direct drive,1,5,nan,nan,272 miles,10.4 hrs,4.1
2022 Tesla Model 3 Base,"$43,990","3,714",direct drive,1,5,nan,nan,263-264 miles,10.4 hrs,4.1
2023 Tesla Model 3 Base,"$43,990",811,direct drive,1,5,nan,nan,271 miles,10.4 hrs,3.9
2023 Subaru Solterra Touring,"$51,590",752,direct drive,1,5,nan,102,222 miles,11 hrs,3.5
2022 Tesla Model X Base,"$98,590","2,691",direct drive,1,5,nan,102,336 miles,14 hrs,3.2
2023 Hyundai IONIQ 5 SEL,"$46,990","3,375",direct drive,1,5,943,114,303 miles,8.5 hrs,4.6
2023 Tesla Model 3 Base,"$46,990",814,direct drive,1,5,nan,nan,271 miles,10.4 hrs,3.9
2022 Tesla Model 3 Performance,"$52,990","4,245",direct drive,1,5,nan,113,300-301 miles,10 hrs,4.1
2022 Audi e-tron S Premium Plus,"$71,281",85,direct drive,0,5,"1,014",73,208 miles,10 hrs,4.0
2022 Tesla Model X Base,"$98,990","1,202",direct drive,2,5,nan,102,335-336 miles,14 hrs,3.2
2015 BMW i3 Base Hatchback,"$14,784","44,220",direct drive,3,4,715,124,68-75 miles,nan,4.1
2022 Tesla Model X Base,"$95,590","6,033",direct drive,1,5,nan,102,335 miles,14 hrs,3.2
2022 Tesla Model Y Long Range,"$55,990","6,567",direct drive,1,5,nan,122,314 miles,11.5 hrs,3.7
2022 MINI Hardtop 2 Door Cooper SE Hatchback,"$28,990","14,417",direct drive,1,4,743,110,114 miles,4 hrs,4.4
2023 Audi Q4 Sportback e-tron Prestige,"$60,483","3,369",direct drive,1,5,nan,95,242 miles,9 hrs,nan
2022 Tesla Model 3 Base,"$42,590","8,745",direct drive,1,5,nan,nan,272 miles,10.4 hrs,4.1
2019 Audi e-tron Prestige quattro,"$51,590","8,199",direct drive,1,5,nan,nan,203-214 miles,nan,4.0
2022 Hyundai IONIQ 5 SE,"$39,990","8,553",direct drive,1,5,943,114,303 miles,8.5 hrs,4.5
2014 Nissan LEAF SL Hatchback,"$13,990","32,798",direct drive,1,5,867,114,nan,8.5 hrs,4.1
2022 Audi e-tron S Premium Plus,"$71,980","8,509",direct drive,1,5,"1,014",73,208 miles,10 hrs,4.0
2022 Tesla Model 3 Base,"$42,590","9,050",direct drive,1,5,nan,nan,261-262 miles,10.4 hrs,4.1
2023 Toyota bZ4X XLE,"$39,195",73,direct drive,0,5,"1,169",119,252 miles,nan,3.5
2018 Tesla Model X 100D,"$68,990","9,370",direct drive,1,5,nan,87,279 miles,12 hrs,4.1
2021 Volkswagen ID.4 Pro S (Statement),"$37,990","9,889",direct drive,1,5,nan,97,250 miles,7.5 hrs,4.2
2022 BMW i4 eDrive40,"$56,990","9,394",direct drive,1,5,933,109,301 miles,nan,nan
2022 Audi e-tron Premium,"$56,782","14,240",direct drive,1,5,nan,78,213-225 miles,10 hrs,3.3
2022 MINI Hardtop 2 Door Cooper SE Hatchback,"$29,999",519,direct drive,1,4,743,110,114 miles,4 hrs,4.4
2023 Toyota bZ4X XLE,"$37,549",769,direct drive,1,5,"1,169",119,252 miles,nan,3.5
2022 Hyundai IONIQ 5 SE,"$43,589","3,536",direct drive,1,5,938,98,256 miles,8.5 hrs,4.5
2019 Audi e-tron Premium Plus quattro,"$44,990","10,549",direct drive,1,5,nan,nan,203-214 miles,nan,4.0
2023 Audi e-tron GT Prestige,"$109,983","1,248",automated manual,0,5,"1,036",82,245-260 miles,10.5 hrs,4.8
2023 Audi e-tron Sportback Premium S line,"$69,985",564,direct drive,1,5,"1,058",78,212-222 miles,10 hrs,3.7
2022 MINI Hardtop 2 Door Cooper SE Hatchback,"$31,589","5,995",direct drive,1,4,743,110,114 miles,4 hrs,4.4
2017 Chevrolet Bolt EV Premier Hatchback,"$24,990","21,130",direct drive,1,5,nan,119,241-266 miles,9.3 hrs,4.4
2017 smart fortwo electric drive passion Convertible,"$22,590","24,845",direct drive,3,2,nan,102,57 miles,3 hrs,4.2
2020 Chevrolet Bolt EV Premier Hatchback,"$27,589","15,761",direct drive,1,5,nan,118,230-254 miles,10 hrs,4.1
2022 Ford Mustang Mach-E Premium Hatchback,"$45,999","4,750",direct drive,1,5,nan,103,248-262 miles,8.1 hrs,4.3
2023 Nissan ARIYA Engage,"$43,997",88,direct drive,1,5,990,101,216 miles,10 hrs,4.2
2022 Chevrolet Bolt EUV Premier Hatchback,"$37,999","4,730",direct drive,1,5,nan,115,229-256 miles,7.5 hrs,4.2
2021 Porsche Taycan Turbo S,"$154,858","11,874",automated manual,1,5,"1,226",70,201 miles,10.5 hrs,3.9
2015 BMW i3 Base Hatchback,"$18,990","31,545",direct drive,5,4,715,124,66-74 miles,nan,4.1
2022 Volkswagen ID.4 Pro S (Statement),"$44,999","3,431",direct drive,1,5,937,102,262 miles,7.5 hrs,4.2
2022 Audi e-tron Premium,"$57,300","12,101",direct drive,1,5,nan,78,210-220 miles,10 hrs,3.3
2022 Kia Niro EV EX,"$33,589","7,724",direct drive,1,5,"1,062",112,239 miles,9.5 hrs,4.2
2021 Volkswagen ID.4 AWD Pro S (Statement),"$43,589","7,615",direct drive,1,5,nan,93,240 miles,7.5 hrs,4.2
2015 Nissan LEAF SV Hatchback,"$14,590","40,569",direct drive,2,5,917,114,81-84 miles,nan,4.5
2019 Audi e-tron Premium Plus quattro,"$44,854","11,652",direct drive,1,5,nan,nan,202-213 miles,nan,4.0
2021 Ford Mustang Mach-E Premium Hatchback,"$49,999","8,818",direct drive,1,5,nan,93,224-244 miles,8.5 hrs,4.2
2021 Ford Mustang Mach-E Premium Hatchback,"$47,999",70,direct drive,1,5,nan,93,227-246 miles,8.5 hrs,4.2
2022 Hyundai IONIQ 5 SE,"$45,999","5,853",direct drive,1,5,938,98,256 miles,8.5 hrs,4.5
2019 Nissan LEAF SV Hatchback,"$21,990","27,644",direct drive,2,5,985,112,139-146 miles,8 hrs,4.6
2023 Toyota bZ4X XLE,"$42,788",27,direct drive,1,5,"1,169",119,252 miles,nan,3.5
2022 Kia EV6 Wind,"$43,990","14,019",direct drive,1,5,895,105,274 miles,8.4 hrs,4.3
2016 Nissan LEAF S Hatchback,"$14,990","50,536",direct drive,2,5,"1,021",114,80-83 miles,nan,4.4
2022 Hyundai IONIQ 5 SE,"$40,589","1,450",direct drive,1,5,943,114,303 miles,8.5 hrs,4.5
2016 Chevrolet Spark EV 2LT Hatchback,"$13,990","44,744",direct drive,3,4,nan,119,nan,8.5 hrs,4.8
2022 Tesla Model 3 Base,"$41,990","14,647",direct drive,1,5,nan,nan,260-261 miles,10.4 hrs,4.1
2022 Nissan LEAF SV PLUS Hatchback,"$28,990","18,819",direct drive,2,5,953,104,215 miles,11 hrs,4.1
2021 Ford Mustang Mach-E Select Hatchback,"$40,999","4,118",direct drive,1,5,nan,100,230 miles,8.8 hrs,4.2
2022 MINI Hardtop 2 Door Cooper SE Hatchback,"$31,589",544,direct drive,1,4,743,110,114 miles,4 hrs,4.4
2022 Polestar 2 Long Range Dual Motor Hatchback,"$42,990","14,765",direct drive,1,5,nan,89,249 miles,8 hrs,3.9
2022 Kia Niro EV EX,"$33,589","10,547",direct drive,1,5,"1,062",112,239 miles,9.5 hrs,4.2
2022 Kia EV6 Wind,"$47,589","3,472",direct drive,1,5,895,105,274 miles,8.4 hrs,4.3
2022 Kia Niro EV EX Premium,"$38,999","3,384",direct drive,1,5,"1,062",112,239 miles,9.5 hrs,4.2
2015 Nissan LEAF SL Hatchback,"$14,590","39,201",direct drive,4,5,865,114,nan,9.5 hrs,4.5
2022 Volvo C40 Recharge Twin Pure Electric Ultimate Hatchback,"$52,589","4,699",direct drive,1,5,nan,87,226 miles,8 hrs,nan
2016 Volkswagen e-Golf SE Hatchback,"$15,250","37,438",direct drive,2,5,939,116,nan,8 hrs,3.8
2022 Kia Niro EV EX Premium,"$38,589","6,345",direct drive,1,5,"1,062",112,239 miles,9.5 hrs,4.2
2021 Tesla Model X Plaid,"$93,990","14,889",direct drive,1,5,nan,nan,nan,9.5 hrs,3.3
2021 Tesla Model Y Long Range,"$50,990","14,894",direct drive,1,5,nan,125,302-303 miles,10 hrs,3.8
2021 Ford Mustang Mach-E GT Hatchback,"$53,995","14,973",direct drive,1,5,nan,84,270-285 miles,10.3 hrs,4.2
2017 Kia Soul EV Base,"$16,590","38,770",direct drive,2,5,"1,032",105,nan,10.3 hrs,4.2
2022 Ford Mustang Mach-E Select Hatchback,"$43,999","5,382",direct drive,1,5,nan,93,234-250 miles,8 hrs,4.3
2017 Kia Soul EV +,"$17,590","43,333",direct drive,5,5,"1,032",105,nan,8 hrs,4.2
2021 Volkswagen ID.4 1st Edition,"$39,999","8,498",direct drive,1,5,nan,97,250 miles,7.5 hrs,4.2
2022 Hyundai IONIQ 5 SE,"$39,589","5,224",direct drive,1,5,943,114,303 miles,8.5 hrs,4.5
2022 Volkswagen ID.4 Pro,"$39,999",142,direct drive,1,5,937,107,275 miles,7.5 hrs,4.2
2023 MINI Hardtop 2 Door Cooper SE Signature Hatchback,"$31,589","3,499",direct drive,1,4,nan,nan,nan,7.5 hrs,4.4
2018 Nissan LEAF SL Hatchback,"$21,590","30,693",direct drive,2,5,945,112,139-146 miles,nan,4.4
2022 Polestar 2 Long Range Dual Motor Hatchback,"$46,999","4,038",direct drive,1,5,nan,89,249 miles,8 hrs,3.9
2021 Ford Mustang Mach-E GT Hatchback,"$57,999","3,338",direct drive,1,5,nan,84,270-286 miles,10.3 hrs,4.2
2022 Hyundai IONIQ 5 SE,"$44,589","5,724",direct drive,1,5,938,98,256 miles,8.5 hrs,4.5
2021 Ford Mustang Mach-E Premium Hatchback,"$46,589","11,977",direct drive,1,5,nan,93,245-256 miles,8.5 hrs,4.2
2021 Ford Mustang Mach-E Premium Hatchback,"$46,999","9,978",direct drive,1,5,nan,100,236-254 miles,8.8 hrs,4.2
2022 Ford Mustang Mach-E Select Hatchback,"$42,999","10,448",direct drive,1,5,nan,93,235-251 miles,8 hrs,4.3
2015 Volkswagen e-Golf SEL Premium Hatchback,"$16,990","40,840",direct drive,3,5,930,116,nan,8 hrs,3.8
2022 Hyundai IONIQ 5 SE,"$42,999","8,239",direct drive,1,5,943,114,303 miles,8.5 hrs,4.5
2018 Tesla Model S P100D,"$87,990","16,599",direct drive,1,5,nan,98,300 miles,12 hrs,4.3
2022 Kia Niro EV EX Premium,"$34,999","10,038",direct drive,1,5,"1,062",112,239 miles,9.5 hrs,4.2
2022 Ford Mustang Mach-E Select Hatchback,"$43,589","2,399",direct drive,1,5,nan,103,248-262 miles,8.1 hrs,4.3
2022 Hyundai IONIQ 5 SE,"$39,999","9,308",direct drive,1,5,943,114,303 miles,8.5 hrs,4.5
2021 Tesla Model Y Performance,"$55,589","9,523",direct drive,1,5,nan,111,279-280 miles,11.8 hrs,3.8
2022 Kia Niro EV EX,"$33,589","9,621",direct drive,1,5,"1,062",112,239 miles,9.5 hrs,4.2
2021 Ford Mustang Mach-E Select Hatchback,"$39,999","7,117",direct drive,1,5,nan,100,244-258 miles,8.8 hrs,4.2
2022 Kia EV6 Wind,"$49,589","11,421",direct drive,1,5,895,105,274 miles,8.4 hrs,4.3
2022 Ford Mustang Mach-E Select Hatchback,"$42,999","11,788",direct drive,1,5,nan,93,245-259 miles,8 hrs,4.3
2022 Kia Niro EV EX Premium,"$36,589","12,323",direct drive,1,5,"1,062",112,239 miles,9.5 hrs,4.2
2020 Tesla Model Y Long Range,"$48,999","11,753",direct drive,1,5,nan,121,294-295 miles,10 hrs,3.5
2016 Volkswagen e-Golf SE Hatchback,"$15,990","46,810",direct drive,2,5,939,116,nan,10 hrs,3.8
2021 Volvo XC40 Recharge Pure Electric P8,"$47,999","12,328",direct drive,2,5,nan,79,208 miles,8 hrs,3.0
2015 Nissan LEAF S Hatchback,"$12,590","48,290",direct drive,3,5,950,114,77-81 miles,nan,4.5
2015 Nissan LEAF SV Hatchback,"$12,590","48,360",direct drive,2,5,917,114,80-83 miles,nan,4.5
2014 Tesla Model S P85,"$37,990","18,155",direct drive,1,5,nan,88,253 miles,nan,4.5
2019 Nissan LEAF SV Hatchback,"$22,590","33,885",direct drive,1,5,985,112,137-144 miles,8 hrs,4.6
2021 Audi e-tron Premium,"$47,982","15,809",direct drive,2,5,nan,78,210-220 miles,10 hrs,3.2
2015 Volkswagen e-Golf SEL Premium Hatchback,"$16,590","47,440",direct drive,4,5,930,116,nan,10 hrs,3.8
2015 Chevrolet Spark EV 1LT Hatchback,"$12,990","50,309",direct drive,3,4,nan,119,nan,10 hrs,4.8
2021 Tesla Model S Long Range,"$70,991","14,008",direct drive,1,5,nan,120,378 miles,15 hrs,3.1
2018 Chevrolet Bolt EV Premier Hatchback,"$26,590","24,638",direct drive,1,5,nan,119,237-262 miles,9.3 hrs,4.5
2012 Nissan LEAF SL Hatchback,"$10,990","51,691",direct drive,3,5,nan,99,56-59 miles,nan,4.0
2014 Toyota RAV4 EV Base,"$17,990","85,246",direct drive,4,5,973,76,nan,nan,4.4
2020 BMW i3 Base Hatchback,"$28,999","19,388",direct drive,1,4,nan,113,148-158 miles,7 hrs,4.6
2014 BMW i3 Base Hatchback,"$16,590","49,147",direct drive,3,4,937,124,65-73 miles,nan,3.6
2022 Kia EV6 Wind,"$49,589","11,812",direct drive,1,5,895,105,274 miles,8.4 hrs,4.3
2018 Kia Soul EV +,"$17,999","32,851",direct drive,2,5,"1,032",108,111 miles,5 hrs,4.4
2020 Jaguar I-PACE S Hatchback,"$48,880","17,896",direct drive,1,5,nan,76,234 miles,13 hrs,4.2
2022 Audi e-tron Premium Plus,"$55,985","18,469",direct drive,1,5,nan,78,212-224 miles,10 hrs,3.3
2023 MINI Hardtop 2 Door Cooper SE Signature Hatchback,"$30,999","14,060",direct drive,1,4,nan,nan,nan,10 hrs,4.4
2015 Nissan LEAF S Hatchback,"$10,990","56,526",direct drive,5,5,950,114,75-78 miles,nan,4.5
2013 Ford Focus Electric Hatchback,"$11,590","56,591",direct drive,2,5,nan,105,nan,nan,3.0
2013 Ford Focus Electric Hatchback,"$11,990","58,167",direct drive,5,5,nan,105,nan,nan,3.0
2015 Nissan LEAF SL Hatchback,"$13,990","58,491",direct drive,1,5,865,114,79-82 miles,nan,4.5
2013 Nissan LEAF SV Hatchback,"$10,990","59,267",direct drive,4,5,902,115,69-71 miles,nan,4.1
2013 Nissan LEAF SL Hatchback,"$11,990","59,597",direct drive,3,5,853,115,69-71 miles,nan,4.1
2020 Chevrolet Bolt EV LT Hatchback,"$29,000","22,559",direct drive,1,5,nan,118,259 miles,10 hrs,4.1
2016 Volkswagen e-Golf SE Hatchback,"$15,590","59,242",direct drive,3,5,939,116,nan,10 hrs,3.8
2021 Tesla Model Y Long Range,"$46,589","17,497",direct drive,1,5,nan,125,298-299 miles,10 hrs,3.8
2015 Nissan LEAF S Hatchback,"$11,590","62,779",direct drive,3,5,950,114,73-76 miles,nan,4.5
2016 Volkswagen e-Golf SE Hatchback,"$15,683","60,441",direct drive,2,5,939,116,nan,nan,3.8
2016 Volkswagen e-Golf SE Hatchback,"$13,990","85,586",direct drive,2,5,939,116,nan,nan,3.8
2015 Nissan LEAF S Hatchback,"$11,990","69,949",direct drive,2,5,950,114,78-81 miles,nan,4.5
2018 Nissan LEAF S Hatchback,"$20,590","37,059",direct drive,1,5,"1,020",112,139-146 miles,nan,4.4
2015 Chevrolet Spark EV 2LT Hatchback,"$11,990","74,439",direct drive,4,4,nan,119,nan,nan,4.8
2013 Nissan LEAF S Hatchback,"$9,990","70,138",direct drive,6,5,937,115,68-70 miles,nan,4.1
2016 Volkswagen e-Golf SEL Premium Hatchback,"$14,990","104,579",direct drive,1,5,899,116,nan,nan,3.8
2015 BMW i3 Base Hatchback,"$15,990","62,330",direct drive,3,4,715,124,64-72 miles,nan,4.1
2019 Nissan LEAF SV Hatchback,"$22,990","31,760",direct drive,2,5,985,112,148-156 miles,8 hrs,4.6
2021 BMW i3 Base Hatchback,"$34,000","20,422",direct drive,1,4,nan,113,144-155 miles,7 hrs,4.6
2022 Hyundai IONIQ 5 SE,"$41,589","14,750",direct drive,1,5,943,114,303 miles,8.5 hrs,4.5
2017 Tesla Model X 90D,"$52,590","19,801",direct drive,2,5,nan,92,241-242 miles,nan,3.9
2022 Rivian R1T Launch Edition Crew Cab,"$85,499","11,274",direct drive,1,5,nan,70,314 miles,13 hrs,3.3
2021 Volkswagen ID.4 1st Edition,"$38,589","17,808",direct drive,1,5,nan,97,250 miles,7.5 hrs,4.2
2021 Ford Mustang Mach-E Select Hatchback,"$39,999","13,148",direct drive,5,5,nan,93,231-250 miles,8.5 hrs,4.2
2022 Hyundai IONIQ 5 SE,"$42,589","16,950",direct drive,1,5,943,114,303 miles,8.5 hrs,4.5
2021 Tesla Model 3 Standard Range Plus,"$38,990","23,483",direct drive,1,5,nan,nan,263 miles,7.8 hrs,4.3
2022 Kia EV6 Wind,"$49,998","20,587",direct drive,1,5,895,105,274 miles,8.4 hrs,4.3
2021 Ford Mustang Mach-E First Edition Hatchback,"$44,590","20,688",direct drive,2,5,nan,90,271-285 miles,10.7 hrs,4.2
2020 Kia Niro EV EX,"$29,999","18,526",direct drive,1,5,"1,062",112,239 miles,9.5 hrs,4.7
2013 Tesla Model S Base,"$30,590","58,218",direct drive,3,5,nan,95,244 miles,nan,4.5
2017 Tesla Model S 60D,"$46,990","20,901",direct drive,1,5,nan,104,213 miles,nan,4.5
2014 Toyota RAV4 EV Base,"$19,990","50,665",direct drive,2,5,973,76,nan,nan,4.4
2017 Mercedes-Benz B-Class Electric Drive B 250e Hatchback,"$19,990","45,295",direct drive,3,5,nan,84,nan,nan,3.9
